run_id,track,dataset_id,tier,scale,algorithm,status,framework,qps,lat_p50_ms,lat_p95_ms,lat_p99_ms,build_time_s,rss_mb,index_bytes,bytes_per_insert,recall_at_k,recall_at_k_id_overlap,recall_at_k_tie_aware,error_bits_min_hamming,error_bits_prefix_gap,hamming_audit_gap,online_accuracy,online_f1,update_latency_ms,adaptation_lag_steps,reason
20260405T162225Z_22f14610,ann,openml:adult,desktop,1M,faiss-binary-flat,ok,faiss,69.03751988721675,17.974853515625,33.41412544250488,41.940927505493164,0.00010800361633300781,373.32421875,1600000,32.0,1.0,0.00546875,1.0,0.0,,0.0,,,,,
20260405T162225Z_22f14610,ann,openml:adult,desktop,1M,hnswlib-l2-bits,ok,hnswlib,67876.71938807763,0.011920928955078125,0.012874603271484375,0.015020370483398438,3.734243154525757,373.32421875,1600000,32.0,0.9921875,0.0,0.9921875,0.017578125,,0.07692307692307693,,,,,
20260405T162225Z_22f14610,ann,openml:adult,desktop,1M,nmslib-hnsw-l2-bits,ok,nmslib,27507.508076189013,0.030040740966796875,0.03790855407714844,0.04315376281738281,10.665221929550171,386.1953125,1600000,32.0,1.0,0.00234375,1.0,0.0078125,,0.0,,,,,
20260405T162225Z_22f14610,ann,openml:adult,desktop,1M,reference-exact-hamming,ok,internal_exact,98.4554750463558,11.601924896240234,30.32207489013672,32.07683563232422,0.0,373.32421875,1600000,32.0,1.0,1.0,1.0,0.0,,0.0,,,,,
20260405T162225Z_22f14610,ann,openml:adult,edge,1M,faiss-binary-flat,ok,faiss,54.8252370797888,19.94800567626953,35.980939865112305,42.38295555114746,0.00010609626770019531,387.9375,1600000,32.0,1.0,0.00546875,1.0,0.0,,0.0,,,,,
20260405T162225Z_22f14610,ann,openml:adult,edge,1M,hnswlib-l2-bits,ok,hnswlib,57437.77811062373,0.013113021850585938,0.015020370483398438,0.025987625122070312,2.8739070892333984,387.9375,1600000,32.0,0.9921875,0.0,0.9921875,0.017578125,,0.07692307692307693,,,,,
20260405T162225Z_22f14610,ann,openml:adult,edge,1M,nmslib-hnsw-l2-bits,ok,nmslib,20469.38050937929,0.03790855407714844,0.051975250244140625,0.05698204040527344,11.455528020858765,393.34765625,1600000,32.0,0.9921875,0.0,0.9921875,0.017578125,,0.07692307692307693,,,,,
20260405T162225Z_22f14610,ann,openml:adult,edge,1M,reference-exact-hamming,ok,internal_exact,206.68261700779422,4.873037338256836,4.975080490112305,5.028963088989258,0.0,387.9375,1600000,32.0,1.0,1.0,1.0,0.0,,0.0,,,,,
20260406T000140Z_669d8f63,ann,openml:adult,server,100M,faiss-binary-flat,ok,faiss,15.14934053554339,61.97404861450195,105.96799850463867,117.97690391540527,0.0007021427154541016,1680.94921875,12800000,32.0,1.0,0.0046875,1.0,0.0,,0.0,,,,,
20260406T000140Z_669d8f63,ann,openml:adult,server,100M,hnswlib-l2-bits,ok,hnswlib,75791.75718218395,0.010967254638671875,0.014066696166992188,0.01621246337890625,23.025986909866333,1680.94921875,12800000,32.0,0.984375,0.0,0.984375,0.01953125,,0.0,,,,,
20260406T000140Z_669d8f63,ann,openml:adult,server,100M,nmslib-hnsw-l2-bits,ok,nmslib,27501.28465807223,0.030994415283203125,0.03695487976074219,0.041961669921875,83.88818788528442,1762.609375,12800000,32.0,0.9765625,0.0,0.9765625,0.024739583333333332,,0.0,,,,,
20260406T000140Z_669d8f63,ann,openml:adult,server,100M,reference-exact-hamming,ok,internal_exact,22.151172926689096,38.50698471069336,102.70881652832031,112.93506622314453,0.0,1680.94921875,12800000,32.0,1.0,1.0,1.0,0.0,,0.0,,,,,
20260405T230146Z_5dbac053,ann,openml:adult,server,10M,faiss-binary-flat,ok,faiss,22.527462581180124,41.97812080383301,62.79706954956055,73.25506210327148,0.0004260540008544922,867.78515625,6400000,32.0,1.0,0.0,1.0,0.0,,0.0,,,,,
20260405T230146Z_5dbac053,ann,openml:adult,server,10M,hnswlib-l2-bits,ok,hnswlib,54929.879728865584,0.015020370483398438,0.01621246337890625,0.019073486328125,12.445797204971313,867.78515625,6400000,32.0,0.9921875,0.0,0.9921875,0.03515625,,0.0,,,,,
20260405T230146Z_5dbac053,ann,openml:adult,server,10M,nmslib-hnsw-l2-bits,ok,nmslib,22480.8547291285,0.03886222839355469,0.0400543212890625,0.04315376281738281,42.237666845321655,948.5703125,6400000,32.0,0.515625,0.0,0.515625,101.51171875,,78.76923076923077,,,,,
20260405T230146Z_5dbac053,ann,openml:adult,server,10M,reference-exact-hamming,ok,internal_exact,49.52234151438652,19.270896911621094,22.304058074951172,22.346019744873047,0.0,867.78515625,6400000,32.0,1.0,1.0,1.0,0.0,,0.0,,,,,
20260405T162225Z_22f14610,ann,openml:adult,server,1M,faiss-binary-flat,ok,faiss,55.89277957651091,19.5770263671875,35.98594665527344,42.97780990600586,9.894371032714844e-05,325.57421875,1600000,32.0,1.0,0.00546875,1.0,0.0,,0.0,,,,,
20260405T162225Z_22f14610,ann,openml:adult,server,1M,hnswlib-l2-bits,ok,hnswlib,75783.73321099623,0.011920928955078125,0.014066696166992188,0.015020370483398438,3.422708034515381,325.57421875,1600000,32.0,0.9921875,0.0,0.9921875,0.017578125,,0.07692307692307693,,,,,
20260405T162225Z_22f14610,ann,openml:adult,server,1M,nmslib-hnsw-l2-bits,ok,nmslib,9177.084455460354,0.09417533874511719,0.10395050048828125,0.11014938354492188,12.574729919433594,367.94140625,1600000,32.0,0.578125,0.0,0.578125,118.501953125,,59.15384615384615,,,,,
20260405T162225Z_22f14610,ann,openml:adult,server,1M,reference-exact-hamming,ok,internal_exact,212.48556353678407,4.712820053100586,4.81104850769043,4.841089248657227,0.0,325.57421875,1600000,32.0,1.0,1.0,1.0,0.0,,0.0,,,,,
20260405T162225Z_22f14610,ann,synthetic_binary256,desktop,1M,faiss-binary-flat,ok,faiss,73.88598179408021,17.19498634338379,32.531023025512695,42.97494888305664,0.00010013580322265625,373.11328125,1600000,32.0,1.0,0.78125,1.0,0.0,,0.0,,,,,
20260405T162225Z_22f14610,ann,synthetic_binary256,desktop,1M,hnswlib-l2-bits,ok,hnswlib,11686.286252251566,0.0820159912109375,0.10895729064941406,0.11801719665527344,2.192330837249756,373.11328125,1600000,32.0,0.9421875,0.7015625,0.9421875,0.314453125,,0.23076923076923078,,,,,
20260405T162225Z_22f14610,ann,synthetic_binary256,desktop,1M,nmslib-hnsw-l2-bits,ok,nmslib,18294.205850782888,0.04792213439941406,0.06794929504394531,0.07486343383789062,5.976781129837036,373.11328125,1600000,32.0,0.9,0.68125,0.9,0.275390625,,0.15384615384615385,,,,,
20260405T162225Z_22f14610,ann,synthetic_binary256,desktop,1M,reference-exact-hamming,ok,internal_exact,231.58526176936584,4.307985305786133,4.364967346191406,4.39000129699707,0.0,373.11328125,1600000,32.0,1.0,1.0,1.0,0.0,,0.0,,,,,
20260405T162225Z_22f14610,ann,synthetic_binary256,edge,1M,faiss-binary-flat,ok,faiss,57.088038294123585,18.330812454223633,36.505937576293945,45.722007751464844,9.703636169433594e-05,386.5625,1600000,32.0,1.0,0.78125,1.0,0.0,,0.0,,,,,
20260405T162225Z_22f14610,ann,synthetic_binary256,edge,1M,hnswlib-l2-bits,ok,hnswlib,8732.7322294154,0.08606910705566406,0.11610984802246094,0.8840560913085938,1.9288749694824219,386.5625,1600000,32.0,0.9765625,0.74375,0.9765625,0.283203125,,0.23076923076923078,,,,,
20260405T162225Z_22f14610,ann,synthetic_binary256,edge,1M,nmslib-hnsw-l2-bits,ok,nmslib,18038.350354049944,0.04601478576660156,0.07200241088867188,0.08511543273925781,6.261483907699585,386.8515625,1600000,32.0,0.9390625,0.70546875,0.9390625,0.244140625,,0.46153846153846156,,,,,
20260405T162225Z_22f14610,ann,synthetic_binary256,edge,1M,reference-exact-hamming,ok,internal_exact,229.7600599830784,4.308938980102539,5.511999130249023,7.051944732666016,0.0,386.5625,1600000,32.0,1.0,1.0,1.0,0.0,,0.0,,,,,
20260406T000140Z_669d8f63,ann,synthetic_binary256,server,100M,faiss-binary-flat,ok,faiss,14.649574782308958,62.976837158203125,107.96999931335449,125.97298622131348,0.0043811798095703125,89.31640625,12800000,32.0,1.0,0.303125,1.0,0.0,,0.0,,,,,
20260406T000140Z_669d8f63,ann,synthetic_binary256,server,100M,hnswlib-l2-bits,ok,hnswlib,13215.60929499803,0.06794929504394531,0.12111663818359375,0.14519691467285156,33.463338136672974,89.31640625,12800000,32.0,0.921875,0.26796875,0.921875,0.3450520833333333,,0.6923076923076923,,,,,
20260406T000140Z_669d8f63,ann,synthetic_binary256,server,100M,nmslib-hnsw-l2-bits,ok,nmslib,22707.073678274355,0.03790855407714844,0.0591278076171875,0.06890296936035156,88.79439306259155,967.87890625,12800000,32.0,0.8359375,0.17578125,0.8359375,1.4348958333333333,,1.3076923076923077,,,,,
20260406T000140Z_669d8f63,ann,synthetic_binary256,server,100M,reference-exact-hamming,ok,internal_exact,24.45558601724283,34.24191474914551,92.42486953735352,101.53603553771973,0.0,89.31640625,12800000,32.0,1.0,1.0,1.0,0.0,,0.0,,,,,
20260405T230146Z_5dbac053,ann,synthetic_binary256,server,10M,faiss-binary-flat,ok,faiss,21.361289052749875,42.97900199890137,71.97117805480957,75.96397399902344,0.0024929046630859375,60.33203125,6400000,32.0,1.0,0.4875,1.0,0.0,,0.0,,,,,
20260405T230146Z_5dbac053,ann,synthetic_binary256,server,10M,hnswlib-l2-bits,ok,hnswlib,11411.73782827263,0.07700920104980469,0.13685226440429688,0.1590251922607422,13.906668901443481,64.265625,6400000,32.0,0.96875,0.43671875,0.96875,0.130859375,,0.0,,,,,
20260405T230146Z_5dbac053,ann,synthetic_binary256,server,10M,nmslib-hnsw-l2-bits,ok,nmslib,18266.196417331543,0.04792213439941406,0.07295608520507812,0.08296966552734375,36.52747201919556,511.36328125,6400000,32.0,0.82578125,0.359375,0.82578125,0.9296875,,0.8461538461538461,,,,,
20260405T230146Z_5dbac053,ann,synthetic_binary256,server,10M,reference-exact-hamming,ok,internal_exact,58.9500451180591,16.928911209106445,17.078876495361328,17.206192016601562,0.0,60.33203125,6400000,32.0,1.0,1.0,1.0,0.0,,0.0,,,,,
20260405T162225Z_22f14610,ann,synthetic_binary256,server,1M,faiss-binary-flat,ok,faiss,49.59524654290786,20.967960357666016,38.97809982299805,45.49002647399902,0.0006108283996582031,45.41015625,1600000,32.0,1.0,0.78125,1.0,0.0,,0.0,,,,,
20260405T162225Z_22f14610,ann,synthetic_binary256,server,1M,hnswlib-l2-bits,ok,hnswlib,11291.194893554375,0.0858306884765625,0.10895729064941406,0.11992454528808594,2.221665859222412,55.23828125,1600000,32.0,0.98046875,0.75546875,0.98046875,0.263671875,,0.23076923076923078,,,,,
20260405T162225Z_22f14610,ann,synthetic_binary256,server,1M,nmslib-hnsw-l2-bits,ok,nmslib,19004.448251754442,0.04506111145019531,0.06604194641113281,0.080108642578125,5.652346849441528,170.2265625,1600000,32.0,0.9328125,0.71640625,0.9328125,0.3125,,0.0,,,,,
20260405T162225Z_22f14610,ann,synthetic_binary256,server,1M,reference-exact-hamming,ok,internal_exact,231.20179424724645,4.206180572509766,4.5318603515625,5.553007125854492,0.0,45.41015625,1600000,32.0,1.0,1.0,1.0,0.0,,0.0,,,,,
20260405T230026Z_0b28f298,core,core:adversarial,desktop,1M,core256/insert,ok,google_benchmark_compat+native,3629765.448731,0.000251,0.00031,0.000346,0.055099979,58.17578125,300464,1.50232,,,,,,,,,,,
20260405T230026Z_0b28f298,core,core:adversarial,desktop,1M,core256/insert,ok,google_benchmark_compat+native,2940954.385283,0.000259,0.000322,0.000357,0.068005135,58.17578125,300464,1.50232,,,,,,,,,,,
20260405T230026Z_0b28f298,core,core:adversarial,desktop,1M,core256/insert,ok,google_benchmark_compat+native,3336247.823828,0.000253,0.000314,0.000353,0.059947585,58.17578125,300464,1.50232,,,,,,,,,,,
20260405T230026Z_0b28f298,core,core:adversarial,desktop,1M,core256/insert,ok,google_benchmark_compat+native,3722679.926753,0.000215,0.000343,0.000375,0.053724737,58.17578125,300464,1.50232,,,,,,,,,,,
20260405T230026Z_0b28f298,core,core:adversarial,desktop,1M,core256/insert,ok,google_benchmark_compat+native,3525273.425495,0.000251,0.000304,0.000335,0.056733188,58.17578125,300464,1.50232,,,,,,,,,,,
20260405T230026Z_0b28f298,core,core:adversarial,desktop,1M,core256/match_batch,ok,google_benchmark_compat+native,254215205.88254,3.934e-06,3.934e-06,3.934e-06,0.000786735,58.17578125,300464,1.50232,,,,,256.0,,,,,,
20260405T230026Z_0b28f298,core,core:adversarial,desktop,1M,core256/match_batch,ok,google_benchmark_compat+native,251330796.567827,3.979e-06,3.979e-06,3.979e-06,0.000795764,58.17578125,300464,1.50232,,,,,256.0,,,,,,
20260405T230026Z_0b28f298,core,core:adversarial,desktop,1M,core256/match_batch,ok,google_benchmark_compat+native,403998779.923685,2.475e-06,2.475e-06,2.475e-06,0.000495051,58.17578125,300464,1.50232,,,,,256.0,,,,,,
20260405T230026Z_0b28f298,core,core:adversarial,desktop,1M,core256/match_batch,ok,google_benchmark_compat+native,286875722.568226,3.486e-06,3.486e-06,3.486e-06,0.000697166,58.17578125,300464,1.50232,,,,,256.0,,,,,,
20260405T230026Z_0b28f298,core,core:adversarial,desktop,1M,core256/match_batch,ok,google_benchmark_compat+native,250133508.760301,3.998e-06,3.998e-06,3.998e-06,0.000799573,58.17578125,300464,1.50232,,,,,256.0,,,,,,
20260405T230026Z_0b28f298,core,core:adversarial,desktop,1M,core256/predict,ok,google_benchmark_compat+native,30422197.739114,1.4e-05,1.9e-05,2.1e-05,0.006574147,58.17578125,300464,1.50232,,,,,,,,,,,
20260405T230026Z_0b28f298,core,core:adversarial,desktop,1M,core256/predict,ok,google_benchmark_compat+native,30090844.258817,1.4e-05,1.9e-05,2.1e-05,0.00664654,58.17578125,300464,1.50232,,,,,,,,,,,
20260405T230026Z_0b28f298,core,core:adversarial,desktop,1M,core256/predict,ok,google_benchmark_compat+native,29460869.042607,1.4e-05,2.1e-05,2.7e-05,0.006788666,58.17578125,300464,1.50232,,,,,,,,,,,
20260405T230026Z_0b28f298,core,core:adversarial,desktop,1M,core256/predict,ok,google_benchmark_compat+native,29585921.361804,1.4e-05,2.1e-05,2.7e-05,0.006759972,58.17578125,300464,1.50232,,,,,,,,,,,
20260405T230026Z_0b28f298,core,core:adversarial,desktop,1M,core256/predict,ok,google_benchmark_compat+native,30358208.647111,1.4e-05,1.9e-05,2.1e-05,0.006588004,58.17578125,300464,1.50232,,,,,,,,,,,
20260405T230026Z_0b28f298,core,core:adversarial,desktop,1M,core256/probe,ok,google_benchmark_compat+native,30076694.066034,1.4e-05,1.9e-05,2.1e-05,0.006649667,58.17578125,300464,1.50232,,,,,256.0,,,,,,
20260405T230026Z_0b28f298,core,core:adversarial,desktop,1M,core256/probe,ok,google_benchmark_compat+native,30008109.691644,1.4e-05,1.9e-05,2.1e-05,0.006664865,58.17578125,300464,1.50232,,,,,256.0,,,,,,
20260405T230026Z_0b28f298,core,core:adversarial,desktop,1M,core256/probe,ok,google_benchmark_compat+native,32500845.834513,1.4e-05,1.7e-05,2e-05,0.006153686,58.17578125,300464,1.50232,,,,,256.0,,,,,,
20260405T230026Z_0b28f298,core,core:adversarial,desktop,1M,core256/probe,ok,google_benchmark_compat+native,31875806.756747,1.4e-05,1.9e-05,2.1e-05,0.006274351,58.17578125,300464,1.50232,,,,,256.0,,,,,,
20260405T230026Z_0b28f298,core,core:adversarial,desktop,1M,core256/probe,ok,google_benchmark_compat+native,29574563.982203,1.4e-05,2e-05,2.1e-05,0.006762568,58.17578125,300464,1.50232,,,,,256.0,,,,,,
20260405T230026Z_0b28f298,core,core:adversarial,edge,1M,core256/insert,ok,google_benchmark_compat+native,3484145.682514,0.000254,0.000314,0.000341,0.057402881,58.17578125,300464,1.50232,,,,,,,,,,,
20260405T230026Z_0b28f298,core,core:adversarial,edge,1M,core256/insert,ok,google_benchmark_compat+native,3157337.89876,0.000217,0.000357,0.000397,0.063344503,58.17578125,300464,1.50232,,,,,,,,,,,
20260405T230026Z_0b28f298,core,core:adversarial,edge,1M,core256/insert,ok,google_benchmark_compat+native,3233773.687615,0.000257,0.000318,0.000345,0.061847247,58.17578125,300464,1.50232,,,,,,,,,,,
20260405T230026Z_0b28f298,core,core:adversarial,edge,1M,core256/insert,ok,google_benchmark_compat+native,3338943.426078,0.000257,0.000318,0.000351,0.059899188,58.17578125,300464,1.50232,,,,,,,,,,,
20260405T230026Z_0b28f298,core,core:adversarial,edge,1M,core256/insert,ok,google_benchmark_compat+native,3602041.356081,0.000253,0.000308,0.000339,0.055524071,58.17578125,300464,1.50232,,,,,,,,,,,
20260405T230026Z_0b28f298,core,core:adversarial,edge,1M,core256/match_batch,ok,google_benchmark_compat+native,252729478.366357,3.957e-06,3.957e-06,3.957e-06,0.00079136,58.17578125,300464,1.50232,,,,,256.0,,,,,,
20260405T230026Z_0b28f298,core,core:adversarial,edge,1M,core256/match_batch,ok,google_benchmark_compat+native,247692128.591845,4.037e-06,4.037e-06,4.037e-06,0.000807454,58.17578125,300464,1.50232,,,,,256.0,,,,,,
20260405T230026Z_0b28f298,core,core:adversarial,edge,1M,core256/match_batch,ok,google_benchmark_compat+native,251608406.740086,3.974e-06,3.974e-06,3.974e-06,0.000794886,58.17578125,300464,1.50232,,,,,256.0,,,,,,
20260405T230026Z_0b28f298,core,core:adversarial,edge,1M,core256/match_batch,ok,google_benchmark_compat+native,250314144.251035,3.995e-06,3.995e-06,3.995e-06,0.000798996,58.17578125,300464,1.50232,,,,,256.0,,,,,,
20260405T230026Z_0b28f298,core,core:adversarial,edge,1M,core256/match_batch,ok,google_benchmark_compat+native,252495284.650559,3.96e-06,3.96e-06,3.96e-06,0.000792094,58.17578125,300464,1.50232,,,,,256.0,,,,,,
20260405T230026Z_0b28f298,core,core:adversarial,edge,1M,core256/predict,ok,google_benchmark_compat+native,30047557.772064,1.4e-05,1.9e-05,2.1e-05,0.006656115,58.17578125,300464,1.50232,,,,,,,,,,,
20260405T230026Z_0b28f298,core,core:adversarial,edge,1M,core256/predict,ok,google_benchmark_compat+native,32040088.558805,1.3e-05,2e-05,2.2e-05,0.00624218,58.17578125,300464,1.50232,,,,,,,,,,,
20260405T230026Z_0b28f298,core,core:adversarial,edge,1M,core256/predict,ok,google_benchmark_compat+native,30231363.649143,1.4e-05,1.9e-05,2.1e-05,0.006615646,58.17578125,300464,1.50232,,,,,,,,,,,
20260405T230026Z_0b28f298,core,core:adversarial,edge,1M,core256/predict,ok,google_benchmark_compat+native,30006763.524498,1.4e-05,2e-05,2.1e-05,0.006665164,58.17578125,300464,1.50232,,,,,,,,,,,
20260405T230026Z_0b28f298,core,core:adversarial,edge,1M,core256/predict,ok,google_benchmark_compat+native,30526484.167134,1.4e-05,1.9e-05,2.1e-05,0.006551688,58.17578125,300464,1.50232,,,,,,,,,,,
20260405T230026Z_0b28f298,core,core:adversarial,edge,1M,core256/probe,ok,google_benchmark_compat+native,29338935.114011,1.4e-05,1.9e-05,2.1e-05,0.00681688,58.17578125,300464,1.50232,,,,,256.0,,,,,,
20260405T230026Z_0b28f298,core,core:adversarial,edge,1M,core256/probe,ok,google_benchmark_compat+native,27574097.113764,1.7e-05,2.1e-05,2.5e-05,0.007253184,58.17578125,300464,1.50232,,,,,256.0,,,,,,
20260405T230026Z_0b28f298,core,core:adversarial,edge,1M,core256/probe,ok,google_benchmark_compat+native,29755231.97402,1.4e-05,2e-05,2.1e-05,0.006721507,58.17578125,300464,1.50232,,,,,256.0,,,,,,
20260405T230026Z_0b28f298,core,core:adversarial,edge,1M,core256/probe,ok,google_benchmark_compat+native,29806534.72506,1.4e-05,2e-05,2.1e-05,0.006709938,58.17578125,300464,1.50232,,,,,256.0,,,,,,
20260405T230026Z_0b28f298,core,core:adversarial,edge,1M,core256/probe,ok,google_benchmark_compat+native,30143893.382255,1.4e-05,1.9e-05,2.1e-05,0.006634843,58.17578125,300464,1.50232,,,,,256.0,,,,,,
20260405T230026Z_0b28f298,core,core:adversarial,server,1M,core256/insert,ok,google_benchmark_compat+native,3575227.442116,0.000251,0.000307,0.000335,0.055940497,58.17578125,300464,1.50232,,,,,,,,,,,
20260405T230026Z_0b28f298,core,core:adversarial,server,1M,core256/insert,ok,google_benchmark_compat+native,3552075.40573,0.000253,0.000315,0.000358,0.056305111,58.17578125,300464,1.50232,,,,,,,,,,,
20260405T230026Z_0b28f298,core,core:adversarial,server,1M,core256/insert,ok,google_benchmark_compat+native,3403659.751111,0.000242,0.000358,0.000405,0.05876028,58.17578125,300464,1.50232,,,,,,,,,,,
20260405T230026Z_0b28f298,core,core:adversarial,server,1M,core256/insert,ok,google_benchmark_compat+native,4130013.911745,0.000214,0.000289,0.000355,0.048425987,58.17578125,300464,1.50232,,,,,,,,,,,
20260405T230026Z_0b28f298,core,core:adversarial,server,1M,core256/insert,ok,google_benchmark_compat+native,2790857.635994,0.000219,0.000361,0.00041,0.071662559,58.17578125,300464,1.50232,,,,,,,,,,,
20260405T230026Z_0b28f298,core,core:adversarial,server,1M,core256/match_batch,ok,google_benchmark_compat+native,250580720.820502,3.991e-06,3.991e-06,3.991e-06,0.000798146,58.17578125,300464,1.50232,,,,,256.0,,,,,,
20260405T230026Z_0b28f298,core,core:adversarial,server,1M,core256/match_batch,ok,google_benchmark_compat+native,255004462.578095,3.921e-06,3.921e-06,3.921e-06,0.0007843,58.17578125,300464,1.50232,,,,,256.0,,,,,,
20260405T230026Z_0b28f298,core,core:adversarial,server,1M,core256/match_batch,ok,google_benchmark_compat+native,251954854.72913,3.969e-06,3.969e-06,3.969e-06,0.000793793,58.17578125,300464,1.50232,,,,,256.0,,,,,,
20260405T230026Z_0b28f298,core,core:adversarial,server,1M,core256/match_batch,ok,google_benchmark_compat+native,389958566.902267,2.564e-06,2.564e-06,2.564e-06,0.000512875,58.17578125,300464,1.50232,,,,,256.0,,,,,,
20260405T230026Z_0b28f298,core,core:adversarial,server,1M,core256/match_batch,ok,google_benchmark_compat+native,395728506.50083,2.527e-06,2.527e-06,2.527e-06,0.000505397,58.17578125,300464,1.50232,,,,,256.0,,,,,,
20260405T230026Z_0b28f298,core,core:adversarial,server,1M,core256/predict,ok,google_benchmark_compat+native,29678738.048187,1.5e-05,2e-05,2.2e-05,0.006738831,58.17578125,300464,1.50232,,,,,,,,,,,
20260405T230026Z_0b28f298,core,core:adversarial,server,1M,core256/predict,ok,google_benchmark_compat+native,29394728.731481,1.4e-05,1.9e-05,2.1e-05,0.006803941,58.17578125,300464,1.50232,,,,,,,,,,,
20260405T230026Z_0b28f298,core,core:adversarial,server,1M,core256/predict,ok,google_benchmark_compat+native,30307103.394047,1.4e-05,1.9e-05,2.1e-05,0.006599113,58.17578125,300464,1.50232,,,,,,,,,,,
20260405T230026Z_0b28f298,core,core:adversarial,server,1M,core256/predict,ok,google_benchmark_compat+native,32655476.396867,1.3e-05,1.4e-05,1.8e-05,0.006124547,58.17578125,300464,1.50232,,,,,,,,,,,
20260405T230026Z_0b28f298,core,core:adversarial,server,1M,core256/predict,ok,google_benchmark_compat+native,26608698.729528,1.9e-05,2.3e-05,3e-05,0.007516339,58.17578125,300464,1.50232,,,,,,,,,,,
20260405T230026Z_0b28f298,core,core:adversarial,server,1M,core256/probe,ok,google_benchmark_compat+native,29269737.60851,1.5e-05,2e-05,2.2e-05,0.006832996,58.17578125,300464,1.50232,,,,,256.0,,,,,,
20260405T230026Z_0b28f298,core,core:adversarial,server,1M,core256/probe,ok,google_benchmark_compat+native,30077060.436544,1.4e-05,1.9e-05,2.1e-05,0.006649586,58.17578125,300464,1.50232,,,,,256.0,,,,,,
20260405T230026Z_0b28f298,core,core:adversarial,server,1M,core256/probe,ok,google_benchmark_compat+native,29959808.916339,1.4e-05,2e-05,2.1e-05,0.00667561,58.17578125,300464,1.50232,,,,,256.0,,,,,,
20260405T230026Z_0b28f298,core,core:adversarial,server,1M,core256/probe,ok,google_benchmark_compat+native,32690838.490586,1.4e-05,1.7e-05,2.1e-05,0.006117922,58.17578125,300464,1.50232,,,,,256.0,,,,,,
20260405T230026Z_0b28f298,core,core:adversarial,server,1M,core256/probe,ok,google_benchmark_compat+native,27287433.959293,1.8e-05,2.2e-05,2.8e-05,0.007329381,58.17578125,300464,1.50232,,,,,256.0,,,,,,
20260405T230026Z_0b28f298,core,core:clustered,desktop,1M,core256/insert,ok,google_benchmark_compat+native,1239794.038719,0.000814,0.000909,0.001137,0.161317117,58.17578125,12496800,62.484,,,,,,,,,,,
20260405T230026Z_0b28f298,core,core:clustered,desktop,1M,core256/insert,ok,google_benchmark_compat+native,1252521.411713,0.0008,0.000899,0.001116,0.159677909,58.17578125,12309870,61.54935,,,,,,,,,,,
20260405T230026Z_0b28f298,core,core:clustered,desktop,1M,core256/insert,ok,google_benchmark_compat+native,1240323.299943,0.000819,0.000924,0.001211,0.161248281,58.17578125,12215792,61.07896,,,,,,,,,,,
20260405T230026Z_0b28f298,core,core:clustered,desktop,1M,core256/insert,ok,google_benchmark_compat+native,1269415.28631,0.000684,0.001182,0.001335,0.157552853,58.17578125,12222252,61.11126,,,,,,,,,,,
20260405T230026Z_0b28f298,core,core:clustered,desktop,1M,core256/insert,ok,google_benchmark_compat+native,1211938.57665,0.000815,0.000911,0.001139,0.165024865,58.17578125,12488528,62.44264,,,,,,,,,,,
20260405T230026Z_0b28f298,core,core:clustered,desktop,1M,core256/match_batch,ok,google_benchmark_compat+native,80930080.86129,1.2356e-05,1.2356e-05,1.2356e-05,0.002471269,58.17578125,12496800,62.484,,,,,253.441765,,,,,,
20260405T230026Z_0b28f298,core,core:clustered,desktop,1M,core256/match_batch,ok,google_benchmark_compat+native,134928639.615723,7.411e-06,7.411e-06,7.411e-06,0.001482265,58.17578125,12309870,61.54935,,,,,255.10262,,,,,,
20260405T230026Z_0b28f298,core,core:clustered,desktop,1M,core256/match_batch,ok,google_benchmark_compat+native,104376180.103186,9.581e-06,9.581e-06,9.581e-06,0.001916146,58.17578125,12215792,61.07896,,,,,254.512495,,,,,,
20260405T230026Z_0b28f298,core,core:clustered,desktop,1M,core256/match_batch,ok,google_benchmark_compat+native,162192189.635108,6.166e-06,6.166e-06,6.166e-06,0.001233105,58.17578125,12222252,61.11126,,,,,255.115215,,,,,,
20260405T230026Z_0b28f298,core,core:clustered,desktop,1M,core256/match_batch,ok,google_benchmark_compat+native,118571216.837113,8.434e-06,8.434e-06,8.434e-06,0.00168675,58.17578125,12488528,62.44264,,,,,254.8775,,,,,,
20260405T230026Z_0b28f298,core,core:clustered,desktop,1M,core256/predict,ok,google_benchmark_compat+native,23720433.813526,2.3e-05,3.4e-05,4.2e-05,0.008431549,58.17578125,12496800,62.484,,,,,,,,,,,
20260405T230026Z_0b28f298,core,core:clustered,desktop,1M,core256/predict,ok,google_benchmark_compat+native,27452933.318472,1.9e-05,2.7e-05,3.2e-05,0.007285196,58.17578125,12309870,61.54935,,,,,,,,,,,
20260405T230026Z_0b28f298,core,core:clustered,desktop,1M,core256/predict,ok,google_benchmark_compat+native,25300567.580283,2.1e-05,3.3e-05,4e-05,0.007904961,58.17578125,12215792,61.07896,,,,,,,,,,,
20260405T230026Z_0b28f298,core,core:clustered,desktop,1M,core256/predict,ok,google_benchmark_compat+native,26116861.463631,2e-05,2.9e-05,4.2e-05,0.007657888,58.17578125,12222252,61.11126,,,,,,,,,,,
20260405T230026Z_0b28f298,core,core:clustered,desktop,1M,core256/predict,ok,google_benchmark_compat+native,26333814.276561,1.9e-05,3.1e-05,3.5e-05,0.007594798,58.17578125,12488528,62.44264,,,,,,,,,,,
20260405T230026Z_0b28f298,core,core:clustered,desktop,1M,core256/probe,ok,google_benchmark_compat+native,23660471.290562,2.3e-05,3.4e-05,4.3e-05,0.008452917,58.17578125,12496800,62.484,,,,,253.441765,,,,,,
20260405T230026Z_0b28f298,core,core:clustered,desktop,1M,core256/probe,ok,google_benchmark_compat+native,26490518.844627,1.9e-05,2.7e-05,3.3e-05,0.007549871,58.17578125,12309870,61.54935,,,,,255.10262,,,,,,
20260405T230026Z_0b28f298,core,core:clustered,desktop,1M,core256/probe,ok,google_benchmark_compat+native,25232947.41643,2.1e-05,3.3e-05,3.9e-05,0.007926145,58.17578125,12215792,61.07896,,,,,254.512495,,,,,,
20260405T230026Z_0b28f298,core,core:clustered,desktop,1M,core256/probe,ok,google_benchmark_compat+native,27661951.041666,1.9e-05,2.8e-05,3.6e-05,0.007230148,58.17578125,12222252,61.11126,,,,,255.115215,,,,,,
20260405T230026Z_0b28f298,core,core:clustered,desktop,1M,core256/probe,ok,google_benchmark_compat+native,26205320.256529,1.9e-05,3e-05,3.6e-05,0.007632038,58.17578125,12488528,62.44264,,,,,254.8775,,,,,,
20260405T230026Z_0b28f298,core,core:clustered,edge,1M,core256/insert,ok,google_benchmark_compat+native,1230132.196403,0.000815,0.000915,0.001118,0.162584152,58.17578125,12496800,62.484,,,,,,,,,,,
20260405T230026Z_0b28f298,core,core:clustered,edge,1M,core256/insert,ok,google_benchmark_compat+native,1210103.624683,0.000828,0.000941,0.001155,0.165275102,58.17578125,12309870,61.54935,,,,,,,,,,,
20260405T230026Z_0b28f298,core,core:clustered,edge,1M,core256/insert,ok,google_benchmark_compat+native,1234323.71086,0.000827,0.000934,0.001109,0.162032049,58.17578125,12215792,61.07896,,,,,,,,,,,
20260405T230026Z_0b28f298,core,core:clustered,edge,1M,core256/insert,ok,google_benchmark_compat+native,1219917.929411,0.000834,0.000955,0.001145,0.163945455,58.17578125,12222252,61.11126,,,,,,,,,,,
20260405T230026Z_0b28f298,core,core:clustered,edge,1M,core256/insert,ok,google_benchmark_compat+native,1151844.478511,0.000818,0.000915,0.001146,0.173634552,58.17578125,12488528,62.44264,,,,,,,,,,,
20260405T230026Z_0b28f298,core,core:clustered,edge,1M,core256/match_batch,ok,google_benchmark_compat+native,80095987.030858,1.2485e-05,1.2485e-05,1.2485e-05,0.002497004,58.17578125,12496800,62.484,,,,,253.441765,,,,,,
20260405T230026Z_0b28f298,core,core:clustered,edge,1M,core256/match_batch,ok,google_benchmark_compat+native,132234639.789535,7.562e-06,7.562e-06,7.562e-06,0.001512463,58.17578125,12309870,61.54935,,,,,255.10262,,,,,,
20260405T230026Z_0b28f298,core,core:clustered,edge,1M,core256/match_batch,ok,google_benchmark_compat+native,104189675.219944,9.598e-06,9.598e-06,9.598e-06,0.001919576,58.17578125,12215792,61.07896,,,,,254.512495,,,,,,
20260405T230026Z_0b28f298,core,core:clustered,edge,1M,core256/match_batch,ok,google_benchmark_compat+native,130541315.673704,7.66e-06,7.66e-06,7.66e-06,0.001532082,58.17578125,12222252,61.11126,,,,,255.115215,,,,,,
20260405T230026Z_0b28f298,core,core:clustered,edge,1M,core256/match_batch,ok,google_benchmark_compat+native,115840626.466108,8.633e-06,8.633e-06,8.633e-06,0.00172651,58.17578125,12488528,62.44264,,,,,254.8775,,,,,,
20260405T230026Z_0b28f298,core,core:clustered,edge,1M,core256/predict,ok,google_benchmark_compat+native,23702532.271887,2.3e-05,3.4e-05,4.2e-05,0.008437917,58.17578125,12496800,62.484,,,,,,,,,,,
20260405T230026Z_0b28f298,core,core:clustered,edge,1M,core256/predict,ok,google_benchmark_compat+native,26389255.772848,2e-05,2.8e-05,3.3e-05,0.007578842,58.17578125,12309870,61.54935,,,,,,,,,,,
20260405T230026Z_0b28f298,core,core:clustered,edge,1M,core256/predict,ok,google_benchmark_compat+native,25268142.368295,2.1e-05,3.3e-05,4e-05,0.007915105,58.17578125,12215792,61.07896,,,,,,,,,,,
20260405T230026Z_0b28f298,core,core:clustered,edge,1M,core256/predict,ok,google_benchmark_compat+native,26661206.451585,1.9e-05,2.7e-05,3.2e-05,0.007501536,58.17578125,12222252,61.11126,,,,,,,,,,,
20260405T230026Z_0b28f298,core,core:clustered,edge,1M,core256/predict,ok,google_benchmark_compat+native,26223616.910719,1.9e-05,3.1e-05,3.6e-05,0.007626713,58.17578125,12488528,62.44264,,,,,,,,,,,
20260405T230026Z_0b28f298,core,core:clustered,edge,1M,core256/probe,ok,google_benchmark_compat+native,22996245.173088,2.3e-05,3.5e-05,4.3e-05,0.008697072,58.17578125,12496800,62.484,,,,,253.441765,,,,,,
20260405T230026Z_0b28f298,core,core:clustered,edge,1M,core256/probe,ok,google_benchmark_compat+native,25837266.303541,2e-05,2.8e-05,3.5e-05,0.007740757,58.17578125,12309870,61.54935,,,,,255.10262,,,,,,
20260405T230026Z_0b28f298,core,core:clustered,edge,1M,core256/probe,ok,google_benchmark_compat+native,25048886.032203,2.1e-05,3.3e-05,4e-05,0.007984387,58.17578125,12215792,61.07896,,,,,254.512495,,,,,,
20260405T230026Z_0b28f298,core,core:clustered,edge,1M,core256/probe,ok,google_benchmark_compat+native,26485088.431724,2e-05,2.7e-05,3.2e-05,0.007551419,58.17578125,12222252,61.11126,,,,,255.115215,,,,,,
20260405T230026Z_0b28f298,core,core:clustered,edge,1M,core256/probe,ok,google_benchmark_compat+native,26087574.683835,1.9e-05,3.1e-05,3.6e-05,0.007666485,58.17578125,12488528,62.44264,,,,,254.8775,,,,,,
20260405T230026Z_0b28f298,core,core:clustered,server,1M,core256/insert,ok,google_benchmark_compat+native,1106688.801107,0.00087,0.0012,0.001393,0.180719277,58.17578125,12496800,62.484,,,,,,,,,,,
20260405T230026Z_0b28f298,core,core:clustered,server,1M,core256/insert,ok,google_benchmark_compat+native,1221953.106059,0.000816,0.000908,0.00104,0.163672402,58.17578125,12309870,61.54935,,,,,,,,,,,
20260405T230026Z_0b28f298,core,core:clustered,server,1M,core256/insert,ok,google_benchmark_compat+native,1262451.248946,0.000802,0.000913,0.001176,0.158421959,58.17578125,12215792,61.07896,,,,,,,,,,,
20260405T230026Z_0b28f298,core,core:clustered,server,1M,core256/insert,ok,google_benchmark_compat+native,1257144.335545,0.000686,0.001119,0.001527,0.159090722,58.17578125,12222252,61.11126,,,,,,,,,,,
20260405T230026Z_0b28f298,core,core:clustered,server,1M,core256/insert,ok,google_benchmark_compat+native,1167772.380704,0.000687,0.001192,0.001298,0.171266253,58.17578125,12488528,62.44264,,,,,,,,,,,
20260405T230026Z_0b28f298,core,core:clustered,server,1M,core256/match_batch,ok,google_benchmark_compat+native,79989281.436288,1.2502e-05,1.2502e-05,1.2502e-05,0.002500335,58.17578125,12496800,62.484,,,,,253.441765,,,,,,
20260405T230026Z_0b28f298,core,core:clustered,server,1M,core256/match_batch,ok,google_benchmark_compat+native,135182266.249584,7.397e-06,7.397e-06,7.397e-06,0.001479484,58.17578125,12309870,61.54935,,,,,255.10262,,,,,,
20260405T230026Z_0b28f298,core,core:clustered,server,1M,core256/match_batch,ok,google_benchmark_compat+native,105233747.831527,9.503e-06,9.503e-06,9.503e-06,0.001900531,58.17578125,12215792,61.07896,,,,,254.512495,,,,,,
20260405T230026Z_0b28f298,core,core:clustered,server,1M,core256/match_batch,ok,google_benchmark_compat+native,136984987.815185,7.3e-06,7.3e-06,7.3e-06,0.001460014,58.17578125,12222252,61.11126,,,,,255.115215,,,,,,
20260405T230026Z_0b28f298,core,core:clustered,server,1M,core256/match_batch,ok,google_benchmark_compat+native,107654388.504234,9.289e-06,9.289e-06,9.289e-06,0.001857797,58.17578125,12488528,62.44264,,,,,254.8775,,,,,,
20260405T230026Z_0b28f298,core,core:clustered,server,1M,core256/predict,ok,google_benchmark_compat+native,23070826.167439,2.4e-05,3.5e-05,4.4e-05,0.008668957,58.17578125,12496800,62.484,,,,,,,,,,,
20260405T230026Z_0b28f298,core,core:clustered,server,1M,core256/predict,ok,google_benchmark_compat+native,26794178.375276,1.9e-05,2.7e-05,3.3e-05,0.007464308,58.17578125,12309870,61.54935,,,,,,,,,,,
20260405T230026Z_0b28f298,core,core:clustered,server,1M,core256/predict,ok,google_benchmark_compat+native,25461453.841376,2e-05,3.3e-05,4e-05,0.007855011,58.17578125,12215792,61.07896,,,,,,,,,,,
20260405T230026Z_0b28f298,core,core:clustered,server,1M,core256/predict,ok,google_benchmark_compat+native,25357666.719368,2e-05,2.8e-05,4.5e-05,0.007887161,58.17578125,12222252,61.11126,,,,,,,,,,,
20260405T230026Z_0b28f298,core,core:clustered,server,1M,core256/predict,ok,google_benchmark_compat+native,22410929.720781,2.1e-05,3.5e-05,4.7e-05,0.008924217,58.17578125,12488528,62.44264,,,,,,,,,,,
20260405T230026Z_0b28f298,core,core:clustered,server,1M,core256/probe,ok,google_benchmark_compat+native,23177971.007371,2.3e-05,3.6e-05,4.4e-05,0.008628883,58.17578125,12496800,62.484,,,,,253.441765,,,,,,
20260405T230026Z_0b28f298,core,core:clustered,server,1M,core256/probe,ok,google_benchmark_compat+native,26491943.468842,1.9e-05,2.7e-05,3.3e-05,0.007549465,58.17578125,12309870,61.54935,,,,,255.10262,,,,,,
20260405T230026Z_0b28f298,core,core:clustered,server,1M,core256/probe,ok,google_benchmark_compat+native,25641459.573418,2e-05,3.2e-05,3.9e-05,0.007799868,58.17578125,12215792,61.07896,,,,,254.512495,,,,,,
20260405T230026Z_0b28f298,core,core:clustered,server,1M,core256/probe,ok,google_benchmark_compat+native,27057517.924591,1.7e-05,2.6e-05,3.8e-05,0.007391661,58.17578125,12222252,61.11126,,,,,255.115215,,,,,,
20260405T230026Z_0b28f298,core,core:clustered,server,1M,core256/probe,ok,google_benchmark_compat+native,25590527.001077,2e-05,3.3e-05,4.2e-05,0.007815392,58.17578125,12488528,62.44264,,,,,254.8775,,,,,,
20260405T230026Z_0b28f298,core,core:legacy_compat,desktop,1M,compat/bench_tree,ok,legacy_compat,93000.0,,,,,58.17578125,,,,,,,,,,,,,compat run completed
20260405T230026Z_0b28f298,core,core:legacy_compat,desktop,1M,compat/bench_truth,ok,legacy_compat,,,,,,58.17578125,,,,,,,,,,,,,compat run completed
20260405T230026Z_0b28f298,core,core:legacy_compat,edge,1M,compat/bench_tree,ok,legacy_compat,111000.0,,,,,58.17578125,,,,,,,,,,,,,compat run completed
20260405T230026Z_0b28f298,core,core:legacy_compat,edge,1M,compat/bench_truth,ok,legacy_compat,,,,,,58.17578125,,,,,,,,,,,,,compat run completed
20260405T230026Z_0b28f298,core,core:legacy_compat,server,1M,compat/bench_tree,ok,legacy_compat,91000.0,,,,,58.17578125,,,,,,,,,,,,,compat run completed
20260405T230026Z_0b28f298,core,core:legacy_compat,server,1M,compat/bench_truth,ok,legacy_compat,,,,,,58.17578125,,,,,,,,,,,,,compat run completed
20260405T230026Z_0b28f298,core,core:random,desktop,1M,core256/insert,ok,google_benchmark_compat+native,1222830.726569,0.000823,0.000917,0.001158,0.163554935,58.17578125,12700138,63.50069,,,,,,,,,,,
20260405T230026Z_0b28f298,core,core:random,desktop,1M,core256/insert,ok,google_benchmark_compat+native,1106062.378777,0.000813,0.000909,0.001144,0.180821628,58.17578125,12699936,63.49968,,,,,,,,,,,
20260405T230026Z_0b28f298,core,core:random,desktop,1M,core256/insert,ok,google_benchmark_compat+native,1209275.837378,0.000822,0.000923,0.001184,0.165388238,58.17578125,12699736,63.49868,,,,,,,,,,,
20260405T230026Z_0b28f298,core,core:random,desktop,1M,core256/insert,ok,google_benchmark_compat+native,1230881.79775,0.000687,0.001183,0.001284,0.162485139,58.17578125,12700002,63.50001,,,,,,,,,,,
20260405T230026Z_0b28f298,core,core:random,desktop,1M,core256/insert,ok,google_benchmark_compat+native,1141511.561643,0.000839,0.000952,0.001155,0.175206285,58.17578125,12699974,63.49987,,,,,,,,,,,
20260405T230026Z_0b28f298,core,core:random,desktop,1M,core256/match_batch,ok,google_benchmark_compat+native,89555740.836433,1.1166e-05,1.1166e-05,1.1166e-05,0.002233246,58.17578125,12700138,63.50069,,,,,255.003465,,,,,,
20260405T230026Z_0b28f298,core,core:random,desktop,1M,core256/match_batch,ok,google_benchmark_compat+native,91101605.164732,1.0977e-05,1.0977e-05,1.0977e-05,0.002195351,58.17578125,12699936,63.49968,,,,,254.99989,,,,,,
20260405T230026Z_0b28f298,core,core:random,desktop,1M,core256/match_batch,ok,google_benchmark_compat+native,89647867.658232,1.1155e-05,1.1155e-05,1.1155e-05,0.002230951,58.17578125,12699736,63.49868,,,,,255.00119,,,,,,
20260405T230026Z_0b28f298,core,core:random,desktop,1M,core256/match_batch,ok,google_benchmark_compat+native,96453268.632481,1.0368e-05,1.0368e-05,1.0368e-05,0.002073543,58.17578125,12700002,63.50001,,,,,254.993495,,,,,,
20260405T230026Z_0b28f298,core,core:random,desktop,1M,core256/match_batch,ok,google_benchmark_compat+native,89211875.528023,1.1209e-05,1.1209e-05,1.1209e-05,0.002241854,58.17578125,12699974,63.49987,,,,,255.000375,,,,,,
20260405T230026Z_0b28f298,core,core:random,desktop,1M,core256/predict,ok,google_benchmark_compat+native,24560049.689893,2.1e-05,3.7e-05,5.1e-05,0.008143306,58.17578125,12700138,63.50069,,,,,,,,,,,
20260405T230026Z_0b28f298,core,core:random,desktop,1M,core256/predict,ok,google_benchmark_compat+native,24694659.792167,2.1e-05,3.6e-05,5e-05,0.008098917,58.17578125,12699936,63.49968,,,,,,,,,,,
20260405T230026Z_0b28f298,core,core:random,desktop,1M,core256/predict,ok,google_benchmark_compat+native,24395301.464938,2.1e-05,3.7e-05,5e-05,0.0081983,58.17578125,12699736,63.49868,,,,,,,,,,,
20260405T230026Z_0b28f298,core,core:random,desktop,1M,core256/predict,ok,google_benchmark_compat+native,23369151.621509,2.3e-05,4e-05,5.7e-05,0.008558291,58.17578125,12700002,63.50001,,,,,,,,,,,
20260405T230026Z_0b28f298,core,core:random,desktop,1M,core256/predict,ok,google_benchmark_compat+native,24815807.768812,2.1e-05,3.6e-05,5e-05,0.008059379,58.17578125,12699974,63.49987,,,,,,,,,,,
20260405T230026Z_0b28f298,core,core:random,desktop,1M,core256/probe,ok,google_benchmark_compat+native,24321304.867192,2.1e-05,3.7e-05,5e-05,0.008223243,58.17578125,12700138,63.50069,,,,,255.003465,,,,,,
20260405T230026Z_0b28f298,core,core:random,desktop,1M,core256/probe,ok,google_benchmark_compat+native,25014389.527576,2.1e-05,3.6e-05,5e-05,0.007995398,58.17578125,12699936,63.49968,,,,,254.99989,,,,,,
20260405T230026Z_0b28f298,core,core:random,desktop,1M,core256/probe,ok,google_benchmark_compat+native,24185767.981574,2.1e-05,3.7e-05,5.1e-05,0.008269326,58.17578125,12699736,63.49868,,,,,255.00119,,,,,,
20260405T230026Z_0b28f298,core,core:random,desktop,1M,core256/probe,ok,google_benchmark_compat+native,22543629.249277,2.4e-05,4.2e-05,6.1e-05,0.008871686,58.17578125,12700002,63.50001,,,,,254.993495,,,,,,
20260405T230026Z_0b28f298,core,core:random,desktop,1M,core256/probe,ok,google_benchmark_compat+native,24716150.459566,2.1e-05,3.6e-05,5.1e-05,0.008091875,58.17578125,12699974,63.49987,,,,,255.000375,,,,,,
20260405T230026Z_0b28f298,core,core:random,edge,1M,core256/insert,ok,google_benchmark_compat+native,1155052.483997,0.000824,0.000923,0.001129,0.173152305,58.17578125,12700138,63.50069,,,,,,,,,,,
20260405T230026Z_0b28f298,core,core:random,edge,1M,core256/insert,ok,google_benchmark_compat+native,1210910.35314,0.000832,0.000932,0.001126,0.165164993,58.17578125,12699936,63.49968,,,,,,,,,,,
20260405T230026Z_0b28f298,core,core:random,edge,1M,core256/insert,ok,google_benchmark_compat+native,1201228.335254,0.000837,0.000941,0.001116,0.166496239,58.17578125,12699736,63.49868,,,,,,,,,,,
20260405T230026Z_0b28f298,core,core:random,edge,1M,core256/insert,ok,google_benchmark_compat+native,1161347.669179,0.000832,0.000951,0.001159,0.172213718,58.17578125,12700002,63.50001,,,,,,,,,,,
20260405T230026Z_0b28f298,core,core:random,edge,1M,core256/insert,ok,google_benchmark_compat+native,1174916.049898,0.000825,0.000923,0.001107,0.170224928,58.17578125,12699974,63.49987,,,,,,,,,,,
20260405T230026Z_0b28f298,core,core:random,edge,1M,core256/match_batch,ok,google_benchmark_compat+native,84237553.269723,1.1871e-05,1.1871e-05,1.1871e-05,0.002374238,58.17578125,12700138,63.50069,,,,,255.003465,,,,,,
20260405T230026Z_0b28f298,core,core:random,edge,1M,core256/match_batch,ok,google_benchmark_compat+native,89520145.165867,1.1171e-05,1.1171e-05,1.1171e-05,0.002234134,58.17578125,12699936,63.49968,,,,,254.99989,,,,,,
20260405T230026Z_0b28f298,core,core:random,edge,1M,core256/match_batch,ok,google_benchmark_compat+native,89687023.677823,1.115e-05,1.115e-05,1.115e-05,0.002229977,58.17578125,12699736,63.49868,,,,,255.00119,,,,,,
20260405T230026Z_0b28f298,core,core:random,edge,1M,core256/match_batch,ok,google_benchmark_compat+native,88370527.015312,1.1316e-05,1.1316e-05,1.1316e-05,0.002263198,58.17578125,12700002,63.50001,,,,,254.993495,,,,,,
20260405T230026Z_0b28f298,core,core:random,edge,1M,core256/match_batch,ok,google_benchmark_compat+native,89310553.783485,1.1197e-05,1.1197e-05,1.1197e-05,0.002239377,58.17578125,12699974,63.49987,,,,,255.000375,,,,,,
20260405T230026Z_0b28f298,core,core:random,edge,1M,core256/predict,ok,google_benchmark_compat+native,24244554.824515,2.1e-05,3.7e-05,5e-05,0.008249275,58.17578125,12700138,63.50069,,,,,,,,,,,
20260405T230026Z_0b28f298,core,core:random,edge,1M,core256/predict,ok,google_benchmark_compat+native,24383731.66191,2.2e-05,3.7e-05,5e-05,0.00820219,58.17578125,12699936,63.49968,,,,,,,,,,,
20260405T230026Z_0b28f298,core,core:random,edge,1M,core256/predict,ok,google_benchmark_compat+native,24351854.095379,2.2e-05,3.7e-05,5e-05,0.008212927,58.17578125,12699736,63.49868,,,,,,,,,,,
20260405T230026Z_0b28f298,core,core:random,edge,1M,core256/predict,ok,google_benchmark_compat+native,24085140.973341,2.2e-05,3.7e-05,5e-05,0.008303875,58.17578125,12700002,63.50001,,,,,,,,,,,
20260405T230026Z_0b28f298,core,core:random,edge,1M,core256/predict,ok,google_benchmark_compat+native,24448210.01208,2.1e-05,3.7e-05,5e-05,0.008180558,58.17578125,12699974,63.49987,,,,,,,,,,,
20260405T230026Z_0b28f298,core,core:random,edge,1M,core256/probe,ok,google_benchmark_compat+native,24469917.356525,2.1e-05,3.7e-05,5e-05,0.008173301,58.17578125,12700138,63.50069,,,,,255.003465,,,,,,
20260405T230026Z_0b28f298,core,core:random,edge,1M,core256/probe,ok,google_benchmark_compat+native,24441896.78407,2.1e-05,3.7e-05,5e-05,0.008182671,58.17578125,12699936,63.49968,,,,,254.99989,,,,,,
20260405T230026Z_0b28f298,core,core:random,edge,1M,core256/probe,ok,google_benchmark_compat+native,24154399.754108,2.1e-05,3.7e-05,5e-05,0.008280065,58.17578125,12699736,63.49868,,,,,255.00119,,,,,,
20260405T230026Z_0b28f298,core,core:random,edge,1M,core256/probe,ok,google_benchmark_compat+native,24135368.524149,2.1e-05,3.7e-05,5.1e-05,0.008286594,58.17578125,12700002,63.50001,,,,,254.993495,,,,,,
20260405T230026Z_0b28f298,core,core:random,edge,1M,core256/probe,ok,google_benchmark_compat+native,24244487.227883,2.1e-05,3.7e-05,5.1e-05,0.008249298,58.17578125,12699974,63.49987,,,,,255.000375,,,,,,
20260405T230026Z_0b28f298,core,core:random,server,1M,core256/insert,ok,google_benchmark_compat+native,938474.798172,0.000824,0.000917,0.001064,0.213111743,58.17578125,12700138,63.50069,,,,,,,,,,,
20260405T230026Z_0b28f298,core,core:random,server,1M,core256/insert,ok,google_benchmark_compat+native,1180607.966351,0.000842,0.00096,0.001231,0.169404244,58.17578125,12699936,63.49968,,,,,,,,,,,
20260405T230026Z_0b28f298,core,core:random,server,1M,core256/insert,ok,google_benchmark_compat+native,1090292.942579,0.000905,0.001208,0.001493,0.183436939,58.17578125,12699736,63.49868,,,,,,,,,,,
20260405T230026Z_0b28f298,core,core:random,server,1M,core256/insert,ok,google_benchmark_compat+native,1189977.929717,0.000727,0.00118,0.001434,0.168070344,58.17578125,12700002,63.50001,,,,,,,,,,,
20260405T230026Z_0b28f298,core,core:random,server,1M,core256/insert,ok,google_benchmark_compat+native,1200350.855353,0.000829,0.000938,0.001154,0.166617951,58.17578125,12699974,63.49987,,,,,,,,,,,
20260405T230026Z_0b28f298,core,core:random,server,1M,core256/match_batch,ok,google_benchmark_compat+native,89937358.629714,1.1119e-05,1.1119e-05,1.1119e-05,0.00222377,58.17578125,12700138,63.50069,,,,,255.003465,,,,,,
20260405T230026Z_0b28f298,core,core:random,server,1M,core256/match_batch,ok,google_benchmark_compat+native,89288982.900267,1.12e-05,1.12e-05,1.12e-05,0.002239918,58.17578125,12699936,63.49968,,,,,254.99989,,,,,,
20260405T230026Z_0b28f298,core,core:random,server,1M,core256/match_batch,ok,google_benchmark_compat+native,89527478.44514,1.117e-05,1.117e-05,1.117e-05,0.002233951,58.17578125,12699736,63.49868,,,,,255.00119,,,,,,
20260405T230026Z_0b28f298,core,core:random,server,1M,core256/match_batch,ok,google_benchmark_compat+native,75102054.304042,1.3315e-05,1.3315e-05,1.3315e-05,0.002663043,58.17578125,12700002,63.50001,,,,,254.993495,,,,,,
20260405T230026Z_0b28f298,core,core:random,server,1M,core256/match_batch,ok,google_benchmark_compat+native,87896247.269723,1.1377e-05,1.1377e-05,1.1377e-05,0.00227541,58.17578125,12699974,63.49987,,,,,255.000375,,,,,,
20260405T230026Z_0b28f298,core,core:random,server,1M,core256/predict,ok,google_benchmark_compat+native,24503894.15886,2.1e-05,3.7e-05,5e-05,0.008161968,58.17578125,12700138,63.50069,,,,,,,,,,,
20260405T230026Z_0b28f298,core,core:random,server,1M,core256/predict,ok,google_benchmark_compat+native,22729576.679818,2.4e-05,4e-05,5.6e-05,0.008799108,58.17578125,12699936,63.49968,,,,,,,,,,,
20260405T230026Z_0b28f298,core,core:random,server,1M,core256/predict,ok,google_benchmark_compat+native,24343738.455743,2.2e-05,3.7e-05,5.1e-05,0.008215665,58.17578125,12699736,63.49868,,,,,,,,,,,
20260405T230026Z_0b28f298,core,core:random,server,1M,core256/predict,ok,google_benchmark_compat+native,21914189.075842,2.6e-05,4.3e-05,6.3e-05,0.009126507,58.17578125,12700002,63.50001,,,,,,,,,,,
20260405T230026Z_0b28f298,core,core:random,server,1M,core256/predict,ok,google_benchmark_compat+native,24232690.044266,2.2e-05,3.8e-05,5.2e-05,0.008253314,58.17578125,12699974,63.49987,,,,,,,,,,,
20260405T230026Z_0b28f298,core,core:random,server,1M,core256/probe,ok,google_benchmark_compat+native,24317262.459861,2.1e-05,3.8e-05,5.1e-05,0.00822461,58.17578125,12700138,63.50069,,,,,255.003465,,,,,,
20260405T230026Z_0b28f298,core,core:random,server,1M,core256/probe,ok,google_benchmark_compat+native,23197114.464538,2.1e-05,3.7e-05,5.2e-05,0.008621762,58.17578125,12699936,63.49968,,,,,254.99989,,,,,,
20260405T230026Z_0b28f298,core,core:random,server,1M,core256/probe,ok,google_benchmark_compat+native,24461860.473706,2.1e-05,3.6e-05,5e-05,0.008175993,58.17578125,12699736,63.49868,,,,,255.00119,,,,,,
20260405T230026Z_0b28f298,core,core:random,server,1M,core256/probe,ok,google_benchmark_compat+native,21484019.380734,2.6e-05,4.3e-05,6.3e-05,0.009309245,58.17578125,12700002,63.50001,,,,,254.993495,,,,,,
20260405T230026Z_0b28f298,core,core:random,server,1M,core256/probe,ok,google_benchmark_compat+native,24050677.663919,2.2e-05,3.7e-05,5.1e-05,0.008315774,58.17578125,12699974,63.49987,,,,,255.000375,,,,,,
20260405T230026Z_0b28f298,core,core:replay,desktop,1M,core256/insert,ok,google_benchmark_compat+native,1225130.081402,0.00082,0.000914,0.001153,0.163247971,58.17578125,12700022,63.50011,,,,,,,,,,,
20260405T230026Z_0b28f298,core,core:replay,desktop,1M,core256/insert,ok,google_benchmark_compat+native,1217186.256093,0.000826,0.000924,0.001127,0.16431339,58.17578125,12700022,63.50011,,,,,,,,,,,
20260405T230026Z_0b28f298,core,core:replay,desktop,1M,core256/insert,ok,google_benchmark_compat+native,1216724.17554,0.000825,0.000924,0.001136,0.164375792,58.17578125,12700022,63.50011,,,,,,,,,,,
20260405T230026Z_0b28f298,core,core:replay,desktop,1M,core256/insert,ok,google_benchmark_compat+native,1311205.206985,0.00069,0.000964,0.001201,0.152531426,58.17578125,12700022,63.50011,,,,,,,,,,,
20260405T230026Z_0b28f298,core,core:replay,desktop,1M,core256/insert,ok,google_benchmark_compat+native,1219572.720136,0.000823,0.000919,0.001197,0.163991861,58.17578125,12700022,63.50011,,,,,,,,,,,
20260405T230026Z_0b28f298,core,core:replay,desktop,1M,core256/match_batch,ok,google_benchmark_compat+native,88831996.929966,1.1257e-05,1.1257e-05,1.1257e-05,0.002251441,58.17578125,12700022,63.50011,,,,,254.99835,,,,,,
20260405T230026Z_0b28f298,core,core:replay,desktop,1M,core256/match_batch,ok,google_benchmark_compat+native,88744964.277933,1.1268e-05,1.1268e-05,1.1268e-05,0.002253649,58.17578125,12700022,63.50011,,,,,254.99835,,,,,,
20260405T230026Z_0b28f298,core,core:replay,desktop,1M,core256/match_batch,ok,google_benchmark_compat+native,98103319.472969,1.0193e-05,1.0193e-05,1.0193e-05,0.002038667,58.17578125,12700022,63.50011,,,,,254.99835,,,,,,
20260405T230026Z_0b28f298,core,core:replay,desktop,1M,core256/match_batch,ok,google_benchmark_compat+native,89437518.502387,1.1181e-05,1.1181e-05,1.1181e-05,0.002236198,58.17578125,12700022,63.50011,,,,,254.99835,,,,,,
20260405T230026Z_0b28f298,core,core:replay,desktop,1M,core256/match_batch,ok,google_benchmark_compat+native,89312707.456673,1.1197e-05,1.1197e-05,1.1197e-05,0.002239323,58.17578125,12700022,63.50011,,,,,254.99835,,,,,,
20260405T230026Z_0b28f298,core,core:replay,desktop,1M,core256/predict,ok,google_benchmark_compat+native,24532890.694564,2.1e-05,3.7e-05,5e-05,0.008152321,58.17578125,12700022,63.50011,,,,,,,,,,,
20260405T230026Z_0b28f298,core,core:replay,desktop,1M,core256/predict,ok,google_benchmark_compat+native,24486337.847798,2.1e-05,3.7e-05,5e-05,0.00816782,58.17578125,12700022,63.50011,,,,,,,,,,,
20260405T230026Z_0b28f298,core,core:replay,desktop,1M,core256/predict,ok,google_benchmark_compat+native,25738485.405957,2e-05,3.5e-05,5.1e-05,0.007770465,58.17578125,12700022,63.50011,,,,,,,,,,,
20260405T230026Z_0b28f298,core,core:replay,desktop,1M,core256/predict,ok,google_benchmark_compat+native,24534985.355681,2.1e-05,3.7e-05,5.1e-05,0.008151625,58.17578125,12700022,63.50011,,,,,,,,,,,
20260405T230026Z_0b28f298,core,core:replay,desktop,1M,core256/predict,ok,google_benchmark_compat+native,24148875.887939,2.2e-05,3.7e-05,5.2e-05,0.008281959,58.17578125,12700022,63.50011,,,,,,,,,,,
20260405T230026Z_0b28f298,core,core:replay,desktop,1M,core256/probe,ok,google_benchmark_compat+native,24410510.580003,2.1e-05,3.7e-05,5e-05,0.008193192,58.17578125,12700022,63.50011,,,,,254.99835,,,,,,
20260405T230026Z_0b28f298,core,core:replay,desktop,1M,core256/probe,ok,google_benchmark_compat+native,24325236.191962,2.1e-05,3.7e-05,5.1e-05,0.008221914,58.17578125,12700022,63.50011,,,,,254.99835,,,,,,
20260405T230026Z_0b28f298,core,core:replay,desktop,1M,core256/probe,ok,google_benchmark_compat+native,23679282.11994,2.2e-05,4e-05,5.7e-05,0.008446202,58.17578125,12700022,63.50011,,,,,254.99835,,,,,,
20260405T230026Z_0b28f298,core,core:replay,desktop,1M,core256/probe,ok,google_benchmark_compat+native,24412921.124415,2.1e-05,3.7e-05,5.1e-05,0.008192383,58.17578125,12700022,63.50011,,,,,254.99835,,,,,,
20260405T230026Z_0b28f298,core,core:replay,desktop,1M,core256/probe,ok,google_benchmark_compat+native,24152597.07442,2.1e-05,3.7e-05,5.1e-05,0.008280683,58.17578125,12700022,63.50011,,,,,254.99835,,,,,,
20260405T230026Z_0b28f298,core,core:replay,edge,1M,core256/insert,ok,google_benchmark_compat+native,1354336.143495,0.000684,0.001105,0.001412,0.147673826,58.17578125,12700022,63.50011,,,,,,,,,,,
20260405T230026Z_0b28f298,core,core:replay,edge,1M,core256/insert,ok,google_benchmark_compat+native,1217039.467762,0.000827,0.000928,0.001131,0.164333208,58.17578125,12700022,63.50011,,,,,,,,,,,
20260405T230026Z_0b28f298,core,core:replay,edge,1M,core256/insert,ok,google_benchmark_compat+native,1192956.147481,0.00084,0.000957,0.001147,0.167650756,58.17578125,12700022,63.50011,,,,,,,,,,,
20260405T230026Z_0b28f298,core,core:replay,edge,1M,core256/insert,ok,google_benchmark_compat+native,1190842.941749,0.000828,0.000925,0.001151,0.16794826,58.17578125,12700022,63.50011,,,,,,,,,,,
20260405T230026Z_0b28f298,core,core:replay,edge,1M,core256/insert,ok,google_benchmark_compat+native,1301165.664224,0.000685,0.001136,0.001442,0.153708329,58.17578125,12700022,63.50011,,,,,,,,,,,
20260405T230026Z_0b28f298,core,core:replay,edge,1M,core256/match_batch,ok,google_benchmark_compat+native,87083474.299707,1.1483e-05,1.1483e-05,1.1483e-05,0.002296647,58.17578125,12700022,63.50011,,,,,254.99835,,,,,,
20260405T230026Z_0b28f298,core,core:replay,edge,1M,core256/match_batch,ok,google_benchmark_compat+native,88470052.002697,1.1303e-05,1.1303e-05,1.1303e-05,0.002260652,58.17578125,12700022,63.50011,,,,,254.99835,,,,,,
20260405T230026Z_0b28f298,core,core:replay,edge,1M,core256/match_batch,ok,google_benchmark_compat+native,87649985.559665,1.1409e-05,1.1409e-05,1.1409e-05,0.002281803,58.17578125,12700022,63.50011,,,,,254.99835,,,,,,
20260405T230026Z_0b28f298,core,core:replay,edge,1M,core256/match_batch,ok,google_benchmark_compat+native,87005585.32355,1.1494e-05,1.1494e-05,1.1494e-05,0.002298703,58.17578125,12700022,63.50011,,,,,254.99835,,,,,,
20260405T230026Z_0b28f298,core,core:replay,edge,1M,core256/match_batch,ok,google_benchmark_compat+native,106677761.153827,9.374e-06,9.374e-06,9.374e-06,0.001874805,58.17578125,12700022,63.50011,,,,,254.99835,,,,,,
20260405T230026Z_0b28f298,core,core:replay,edge,1M,core256/predict,ok,google_benchmark_compat+native,24143491.530342,2.1e-05,3.9e-05,5.3e-05,0.008283806,58.17578125,12700022,63.50011,,,,,,,,,,,
20260405T230026Z_0b28f298,core,core:replay,edge,1M,core256/predict,ok,google_benchmark_compat+native,24302996.146274,2.1e-05,3.7e-05,5e-05,0.008229438,58.17578125,12700022,63.50011,,,,,,,,,,,
20260405T230026Z_0b28f298,core,core:replay,edge,1M,core256/predict,ok,google_benchmark_compat+native,23275267.747043,2.2e-05,3.7e-05,5.1e-05,0.008592812,58.17578125,12700022,63.50011,,,,,,,,,,,
20260405T230026Z_0b28f298,core,core:replay,edge,1M,core256/predict,ok,google_benchmark_compat+native,24476601.531574,2.1e-05,3.7e-05,5.1e-05,0.008171069,58.17578125,12700022,63.50011,,,,,,,,,,,
20260405T230026Z_0b28f298,core,core:replay,edge,1M,core256/predict,ok,google_benchmark_compat+native,26437031.089684,2e-05,3.4e-05,4.6e-05,0.007565146,58.17578125,12700022,63.50011,,,,,,,,,,,
20260405T230026Z_0b28f298,core,core:replay,edge,1M,core256/probe,ok,google_benchmark_compat+native,24492182.156686,2.1e-05,3.8e-05,5.2e-05,0.008165871,58.17578125,12700022,63.50011,,,,,254.99835,,,,,,
20260405T230026Z_0b28f298,core,core:replay,edge,1M,core256/probe,ok,google_benchmark_compat+native,23917033.723376,2.1e-05,3.8e-05,5.4e-05,0.008362241,58.17578125,12700022,63.50011,,,,,254.99835,,,,,,
20260405T230026Z_0b28f298,core,core:replay,edge,1M,core256/probe,ok,google_benchmark_compat+native,24043085.208694,2.1e-05,3.7e-05,5.1e-05,0.0083184,58.17578125,12700022,63.50011,,,,,254.99835,,,,,,
20260405T230026Z_0b28f298,core,core:replay,edge,1M,core256/probe,ok,google_benchmark_compat+native,24307181.520319,2.1e-05,3.7e-05,5.1e-05,0.008228021,58.17578125,12700022,63.50011,,,,,254.99835,,,,,,
20260405T230026Z_0b28f298,core,core:replay,edge,1M,core256/probe,ok,google_benchmark_compat+native,24137570.635583,2.1e-05,3.6e-05,5.2e-05,0.008285838,58.17578125,12700022,63.50011,,,,,254.99835,,,,,,
20260405T230026Z_0b28f298,core,core:replay,server,1M,core256/insert,ok,google_benchmark_compat+native,1181049.726445,0.000845,0.000971,0.001234,0.16934088,58.17578125,12700022,63.50011,,,,,,,,,,,
20260405T230026Z_0b28f298,core,core:replay,server,1M,core256/insert,ok,google_benchmark_compat+native,1189241.736317,0.000827,0.000923,0.001218,0.168174387,58.17578125,12700022,63.50011,,,,,,,,,,,
20260405T230026Z_0b28f298,core,core:replay,server,1M,core256/insert,ok,google_benchmark_compat+native,1109013.701271,0.000927,0.001199,0.001336,0.180340423,58.17578125,12700022,63.50011,,,,,,,,,,,
20260405T230026Z_0b28f298,core,core:replay,server,1M,core256/insert,ok,google_benchmark_compat+native,1195285.742828,0.000838,0.000955,0.001146,0.167324007,58.17578125,12700022,63.50011,,,,,,,,,,,
20260405T230026Z_0b28f298,core,core:replay,server,1M,core256/insert,ok,google_benchmark_compat+native,1263904.913097,0.000685,0.001186,0.001275,0.158239752,58.17578125,12700022,63.50011,,,,,,,,,,,
20260405T230026Z_0b28f298,core,core:replay,server,1M,core256/match_batch,ok,google_benchmark_compat+native,86868746.536109,1.1512e-05,1.1512e-05,1.1512e-05,0.002302324,58.17578125,12700022,63.50011,,,,,254.99835,,,,,,
20260405T230026Z_0b28f298,core,core:replay,server,1M,core256/match_batch,ok,google_benchmark_compat+native,85504287.184959,1.1695e-05,1.1695e-05,1.1695e-05,0.002339064,58.17578125,12700022,63.50011,,,,,254.99835,,,,,,
20260405T230026Z_0b28f298,core,core:replay,server,1M,core256/match_batch,ok,google_benchmark_compat+native,101462222.824231,9.856e-06,9.856e-06,9.856e-06,0.001971177,58.17578125,12700022,63.50011,,,,,254.99835,,,,,,
20260405T230026Z_0b28f298,core,core:replay,server,1M,core256/match_batch,ok,google_benchmark_compat+native,89053697.598578,1.1229e-05,1.1229e-05,1.1229e-05,0.002245836,58.17578125,12700022,63.50011,,,,,254.99835,,,,,,
20260405T230026Z_0b28f298,core,core:replay,server,1M,core256/match_batch,ok,google_benchmark_compat+native,98738614.20355,1.0128e-05,1.0128e-05,1.0128e-05,0.00202555,58.17578125,12700022,63.50011,,,,,254.99835,,,,,,
20260405T230026Z_0b28f298,core,core:replay,server,1M,core256/predict,ok,google_benchmark_compat+native,23806199.443816,2.2e-05,3.8e-05,5.5e-05,0.008401173,58.17578125,12700022,63.50011,,,,,,,,,,,
20260405T230026Z_0b28f298,core,core:replay,server,1M,core256/predict,ok,google_benchmark_compat+native,23593756.101198,2.2e-05,3.7e-05,5.1e-05,0.008476819,58.17578125,12700022,63.50011,,,,,,,,,,,
20260405T230026Z_0b28f298,core,core:replay,server,1M,core256/predict,ok,google_benchmark_compat+native,24385194.382919,2.1e-05,3.8e-05,5.2e-05,0.008201698,58.17578125,12700022,63.50011,,,,,,,,,,,
20260405T230026Z_0b28f298,core,core:replay,server,1M,core256/predict,ok,google_benchmark_compat+native,24274151.293746,2.2e-05,3.7e-05,5.2e-05,0.008239217,58.17578125,12700022,63.50011,,,,,,,,,,,
20260405T230026Z_0b28f298,core,core:replay,server,1M,core256/predict,ok,google_benchmark_compat+native,24891181.9752,2.1e-05,3.8e-05,5.2e-05,0.008034974,58.17578125,12700022,63.50011,,,,,,,,,,,
20260405T230026Z_0b28f298,core,core:replay,server,1M,core256/probe,ok,google_benchmark_compat+native,23790307.471881,2.2e-05,3.8e-05,5.3e-05,0.008406785,58.17578125,12700022,63.50011,,,,,254.99835,,,,,,
20260405T230026Z_0b28f298,core,core:replay,server,1M,core256/probe,ok,google_benchmark_compat+native,23058085.507913,2.1e-05,3.7e-05,5.2e-05,0.008673747,58.17578125,12700022,63.50011,,,,,254.99835,,,,,,
20260405T230026Z_0b28f298,core,core:replay,server,1M,core256/probe,ok,google_benchmark_compat+native,19118833.972906,2.6e-05,4.3e-05,6.4e-05,0.010460889,58.17578125,12700022,63.50011,,,,,254.99835,,,,,,
20260405T230026Z_0b28f298,core,core:replay,server,1M,core256/probe,ok,google_benchmark_compat+native,24102521.521443,2.1e-05,3.7e-05,5.1e-05,0.008297887,58.17578125,12700022,63.50011,,,,,254.99835,,,,,,
20260405T230026Z_0b28f298,core,core:replay,server,1M,core256/probe,ok,google_benchmark_compat+native,23145179.993121,2.3e-05,4.1e-05,5.8e-05,0.008641108,58.17578125,12700022,63.50011,,,,,254.99835,,,,,,
20260405T230137Z_5d7213c1,online,online:synthetic_drift,desktop,1M,core256/online_delayed,ok,delayed_preq+drift+core256_similarity,34593.009614,0.000861,0.001009,0.001278,1.156302977,59.49609375,2540070,63.50175,,,,96.668169296,254.510425,157.797145004,0.5005,0.338454407,0.000865126,-1.0,
20260405T230137Z_5d7213c1,online,online:synthetic_drift,edge,1M,core256/online_delayed,ok,delayed_preq+drift+core256_similarity,35093.895485,0.000846,0.000984,0.00123,1.139799371,59.49609375,2540070,63.50175,,,,96.668169296,254.510425,157.797145004,0.5005,0.338454407,0.000849981,-1.0,
20260405T230137Z_5d7213c1,online,online:synthetic_drift,server,1M,core256/online_delayed,ok,delayed_preq+drift+core256_similarity,38040.678162,0.000794,0.001169,0.001403,1.051505965,59.49609375,2540070,63.50175,,,,96.668169296,254.510425,157.797145004,0.5005,0.338454407,0.000869,-1.0,
