dataset_id,tier,scale,algorithm,track,status,n_runs,build_time_s,qps,lat_p50_ms,lat_p95_ms,lat_p99_ms,rss_mb,index_bytes,bytes_per_insert,recall_at_k,recall_at_k_id_overlap,recall_at_k_tie_aware,update_latency_ms,energy_proxy,error_bits_min_hamming,error_bits_prefix_gap,hamming_audit_gap,online_accuracy,online_f1,adaptation_lag_steps
core:adversarial,desktop,100M,core256/insert,core,ok,5,0.4661525388,4290519.1970158005,0.000214,0.00022260000000000002,0.0002874,8427.0546875,3003980.0,1.50199,,,,,,,,,,,
core:adversarial,desktop,100M,core256/match_batch,core,ok,5,0.005200858399999999,384807241.0748724,2.6002e-06,2.6002e-06,2.6002e-06,8427.0546875,3003980.0,1.50199,,,,,,,256.0,,,,
core:adversarial,desktop,100M,core256/predict,core,ok,5,0.0604746272,33072973.807130802,1.3e-05,1.4400000000000001e-05,1.72e-05,8427.0546875,3003980.0,1.50199,,,,,,,,,,,
core:adversarial,desktop,100M,core256/probe,core,ok,5,0.0608969946,32844253.364731003,1.3e-05,1.4400000000000001e-05,1.6000000000000003e-05,8427.0546875,3003980.0,1.50199,,,,,,,256.0,,,,
core:adversarial,desktop,10M,core256/insert,core,ok,5,0.1849876392,4324620.2242026,0.000214,0.0002196,0.0002278,8427.0546875,1201668.0,1.502085,,,,,,,,,,,
core:adversarial,desktop,10M,core256/match_batch,core,ok,5,0.0020720638,386119356.361641,2.5899999999999998e-06,2.5899999999999998e-06,2.5899999999999998e-06,8427.0546875,1201668.0,1.502085,,,,,,,256.0,,,,
core:adversarial,desktop,10M,core256/predict,core,ok,5,0.024056541600000002,33255022.324154604,1.3e-05,1.3999999999999998e-05,1.5000000000000002e-05,8427.0546875,1201668.0,1.502085,,,,,,,,,,,
core:adversarial,desktop,10M,core256/probe,core,ok,5,0.024280456,32948635.0133556,1.3e-05,1.3999999999999998e-05,1.5000000000000002e-05,8427.0546875,1201668.0,1.502085,,,,,,,256.0,,,,
core:adversarial,desktop,1M,core256/insert,core,ok,5,0.23144583240000002,4320701.1635948,0.000214,0.00021980000000000003,0.0002448,8427.0546875,1502026.0,1.502026,,,,,,,,,,,
core:adversarial,desktop,1M,core256/match_batch,core,ok,5,0.0025925327999999997,385769063.0751664,2.5926e-06,2.5926e-06,2.5926e-06,8427.0546875,1502026.0,1.502026,,,,,,,256.0,,,,
core:adversarial,desktop,1M,core256/predict,core,ok,5,0.0301236632,33197558.803608797,1.3e-05,1.4400000000000001e-05,1.6000000000000003e-05,8427.0546875,1502026.0,1.502026,,,,,,,,,,,
core:adversarial,desktop,1M,core256/probe,core,ok,5,0.030447207799999997,32844924.8641182,1.3e-05,1.4400000000000001e-05,1.62e-05,8427.0546875,1502026.0,1.502026,,,,,,,256.0,,,,
core:adversarial,edge,100M,core256/insert,core,ok,5,0.4606209788,4342495.3526588,0.00020999999999999998,0.00021940000000000002,0.00025699999999999996,8427.0546875,3003980.0,1.50199,,,,,,,,,,,
core:adversarial,edge,100M,core256/match_batch,core,ok,5,0.005114955,391143992.3332964,2.5576e-06,2.5576e-06,2.5576e-06,8427.0546875,3003980.0,1.50199,,,,,,,256.0,,,,
core:adversarial,edge,100M,core256/predict,core,ok,5,0.0597518514,33475316.426495202,1.3e-05,1.3999999999999998e-05,1.4599999999999999e-05,8427.0546875,3003980.0,1.50199,,,,,,,,,,,
core:adversarial,edge,100M,core256/probe,core,ok,5,0.0601734956,33240975.5810058,1.3199999999999999e-05,1.4200000000000001e-05,1.4799999999999999e-05,8427.0546875,3003980.0,1.50199,,,,,,,256.0,,,,
core:adversarial,edge,10M,core256/insert,core,ok,5,0.1852111548,4320051.0288031995,0.0002126,0.000226,0.0002504,8427.0546875,1201668.0,1.502085,,,,,,,,,,,
core:adversarial,edge,10M,core256/match_batch,core,ok,5,0.0020525656,390227827.25614536,2.5656e-06,2.5656e-06,2.5656e-06,8427.0546875,1201668.0,1.502085,,,,,,,256.0,,,,
core:adversarial,edge,10M,core256/predict,core,ok,5,0.0239947898,33341529.132316202,1.3e-05,1.3999999999999998e-05,1.52e-05,8427.0546875,1201668.0,1.502085,,,,,,,,,,,
core:adversarial,edge,10M,core256/probe,core,ok,5,0.0242054354,33051053.992843598,1.3e-05,1.3999999999999998e-05,1.54e-05,8427.0546875,1201668.0,1.502085,,,,,,,256.0,,,,
core:adversarial,edge,1M,core256/insert,core,ok,5,0.23162993240000002,4317702.9048972,0.0002126,0.000221,0.0002566,8427.0546875,1502026.0,1.502026,,,,,,,,,,,
core:adversarial,edge,1M,core256/match_batch,core,ok,5,0.0026601998,378375596.762199,2.6602e-06,2.6602e-06,2.6602e-06,8427.0546875,1502026.0,1.502026,,,,,,,256.0,,,,
core:adversarial,edge,1M,core256/predict,core,ok,5,0.0299679116,33370977.4621164,1.3e-05,1.3999999999999998e-05,1.4799999999999999e-05,8427.0546875,1502026.0,1.502026,,,,,,,,,,,
core:adversarial,edge,1M,core256/probe,core,ok,5,0.0302319396,33078236.5341866,1.3e-05,1.3999999999999998e-05,1.5000000000000002e-05,8427.0546875,1502026.0,1.502026,,,,,,,256.0,,,,
core:adversarial,server,100M,core256/insert,core,ok,5,0.4653471068,4298232.906286401,0.00021419999999999998,0.0002248,0.0002554,4365.38671875,3003980.0,1.50199,,,,,,,,,,,
core:adversarial,server,100M,core256/match_batch,core,ok,5,0.0051993636000000005,384748431.0388574,2.5994e-06,2.5994e-06,2.5994e-06,4365.38671875,3003980.0,1.50199,,,,,,,256.0,,,,
core:adversarial,server,100M,core256/predict,core,ok,5,0.0604706988,33075144.1807688,1.3e-05,1.4200000000000001e-05,1.6000000000000003e-05,4365.38671875,3003980.0,1.50199,,,,,,,,,,,
core:adversarial,server,100M,core256/probe,core,ok,5,0.060838297,32874244.099198997,1.3e-05,1.3999999999999998e-05,1.54e-05,4365.38671875,3003980.0,1.50199,,,,,,,256.0,,,,
core:adversarial,server,10M,core256/insert,core,ok,5,0.1916780608,4177768.2796233995,0.000214,0.00023779999999999998,0.00029099999999999997,4365.38671875,1201668.0,1.502085,,,,,,,,,,,
core:adversarial,server,10M,core256/match_batch,core,ok,5,0.0020857662,384145816.3564308,2.6072e-06,2.6072e-06,2.6072e-06,4365.38671875,1201668.0,1.502085,,,,,,,256.0,,,,
core:adversarial,server,10M,core256/predict,core,ok,5,0.0245828728,32589972.220148005,1.3199999999999999e-05,1.54e-05,1.72e-05,4365.38671875,1201668.0,1.502085,,,,,,,,,,,
core:adversarial,server,10M,core256/probe,core,ok,5,0.0242744932,32956725.5507738,1.3e-05,1.3999999999999998e-05,1.5799999999999998e-05,4365.38671875,1201668.0,1.502085,,,,,,,256.0,,,,
core:adversarial,server,1M,core256/insert,core,ok,5,0.2359135692,4239482.7793054,0.0002144,0.0002448,0.000324,43.83984375,1502026.0,1.502026,,,,,,,,,,,
core:adversarial,server,1M,core256/match_batch,core,ok,5,0.0025896754,386204226.5715394,2.5898e-06,2.5898e-06,2.5898e-06,43.83984375,1502026.0,1.502026,,,,,,,256.0,,,,
core:adversarial,server,1M,core256/predict,core,ok,5,0.0304764194,32819696.978643797,1.3e-05,1.56e-05,1.8e-05,43.83984375,1502026.0,1.502026,,,,,,,,,,,
core:adversarial,server,1M,core256/probe,core,ok,5,0.0305003076,32787364.4214966,1.3e-05,1.4400000000000001e-05,1.66e-05,43.83984375,1502026.0,1.502026,,,,,,,256.0,,,,
core:clustered,desktop,100M,core256/insert,core,ok,5,1.3016826016,1536491.6552578001,0.0006758000000000001,0.0006994,0.001065,8427.0546875,123473944.8,61.7369724,,,,,,,,,,,
core:clustered,desktop,100M,core256/match_batch,core,ok,5,0.0151364152,136999522.0384486,7.5682e-06,7.5682e-06,7.5682e-06,8427.0546875,123473944.8,61.7369724,,,,,,,254.60883429999998,,,,
core:clustered,desktop,100M,core256/predict,core,ok,5,0.0710293614,28211414.946007997,1.7e-05,2.6e-05,3.1e-05,8427.0546875,123473944.8,61.7369724,,,,,,,,,,,
core:clustered,desktop,100M,core256/probe,core,ok,5,0.070924633,28256632.405283798,1.68e-05,2.5799999999999997e-05,3.06e-05,8427.0546875,123473944.8,61.7369724,,,,,,,254.60883429999998,,,,
core:clustered,desktop,10M,core256/insert,core,ok,5,0.5233497728,1528740.1750858,0.0006762,0.000701,0.0009122,8427.0546875,49388388.8,61.735486,,,,,,,,,,,
core:clustered,desktop,10M,core256/match_batch,core,ok,5,0.006061553,137303564.3485868,7.5768e-06,7.5768e-06,7.5768e-06,8427.0546875,49388388.8,61.735486,,,,,,,254.60967325000001,,,,
core:clustered,desktop,10M,core256/predict,core,ok,5,0.0282486644,28386720.4165038,1.7e-05,2.6199999999999996e-05,2.98e-05,8427.0546875,49388388.8,61.735486,,,,,,,,,,,
core:clustered,desktop,10M,core256/probe,core,ok,5,0.0282896386,28342193.142190598,1.7e-05,2.54e-05,2.94e-05,8427.0546875,49388388.8,61.735486,,,,,,,254.60967325000001,,,,
core:clustered,desktop,1M,core256/insert,core,ok,5,0.6482258388,1542772.7848336,0.0006751999999999999,0.0006942000000000001,0.0009284,8427.0546875,61735617.2,61.7356172,,,,,,,,,,,
core:clustered,desktop,1M,core256/match_batch,core,ok,5,0.0075012724,138891373.5287544,7.5011999999999994e-06,7.5011999999999994e-06,7.5011999999999994e-06,8427.0546875,61735617.2,61.7356172,,,,,,,254.60868220000003,,,,
core:clustered,desktop,1M,core256/predict,core,ok,5,0.0354299608,28289961.0681372,1.72e-05,2.6199999999999996e-05,3.1e-05,8427.0546875,61735617.2,61.7356172,,,,,,,,,,,
core:clustered,desktop,1M,core256/probe,core,ok,5,0.035333022400000004,28370295.7763518,1.7e-05,2.54e-05,2.9999999999999997e-05,8427.0546875,61735617.2,61.7356172,,,,,,,254.60868220000003,,,,
core:clustered,edge,100M,core256/insert,core,ok,5,1.2971300226,1542255.961674,0.0006668,0.0007180000000000001,0.000988,8427.0546875,123473944.8,61.7369724,,,,,,,,,,,
core:clustered,edge,100M,core256/match_batch,core,ok,5,0.0148839828,139945435.8992874,7.442000000000001e-06,7.442000000000001e-06,7.442000000000001e-06,8427.0546875,123473944.8,61.7369724,,,,,,,254.60883429999998,,,,
core:clustered,edge,100M,core256/predict,core,ok,5,0.07027737120000001,28523015.657119595,1.64e-05,2.5799999999999997e-05,2.94e-05,8427.0546875,123473944.8,61.7369724,,,,,,,,,,,
core:clustered,edge,100M,core256/probe,core,ok,5,0.0705548514,28403403.927773397,1.6800000000000002e-05,2.54e-05,2.9599999999999998e-05,8427.0546875,123473944.8,61.7369724,,,,,,,254.60883429999998,,,,
core:clustered,edge,10M,core256/insert,core,ok,5,0.5207245462,1536542.0113277999,0.0006676,0.0006942000000000001,0.0008968,8427.0546875,49388388.8,61.735486,,,,,,,,,,,
core:clustered,edge,10M,core256/match_batch,core,ok,5,0.0063583214,132804112.5820426,7.9478e-06,7.9478e-06,7.9478e-06,8427.0546875,49388388.8,61.735486,,,,,,,254.60967325000001,,,,
core:clustered,edge,10M,core256/predict,core,ok,5,0.0287388584,28001894.6022652,1.68e-05,2.6600000000000003e-05,3.26e-05,8427.0546875,49388388.8,61.735486,,,,,,,,,,,
core:clustered,edge,10M,core256/probe,core,ok,5,0.028779646400000004,27847585.321211,1.76e-05,2.68e-05,3.24e-05,8427.0546875,49388388.8,61.735486,,,,,,,254.60967325000001,,,,
core:clustered,edge,1M,core256/insert,core,ok,5,0.6472427178,1545071.2598472,0.0006732,0.0006944000000000001,0.0009816,8427.0546875,61735617.2,61.7356172,,,,,,,,,,,
core:clustered,edge,1M,core256/match_batch,core,ok,5,0.007412459000000001,140463893.3155722,7.4127999999999996e-06,7.4127999999999996e-06,7.4127999999999996e-06,8427.0546875,61735617.2,61.7356172,,,,,,,254.60868220000003,,,,
core:clustered,edge,1M,core256/predict,core,ok,5,0.0353565372,28350750.6473234,1.7e-05,2.5799999999999997e-05,3.06e-05,8427.0546875,61735617.2,61.7356172,,,,,,,,,,,
core:clustered,edge,1M,core256/probe,core,ok,5,0.0352466756,28456419.7236908,1.7e-05,2.52e-05,2.9599999999999998e-05,8427.0546875,61735617.2,61.7356172,,,,,,,254.60868220000003,,,,
core:clustered,server,100M,core256/insert,core,ok,5,1.2990523526,1539652.7394624,0.0006762,0.000695,0.0010526,4365.38671875,123473944.8,61.7369724,,,,,,,,,,,
core:clustered,server,100M,core256/match_batch,core,ok,5,0.0151726012,136002142.23108658,7.5862e-06,7.5862e-06,7.5862e-06,4365.38671875,123473944.8,61.7369724,,,,,,,254.60883429999998,,,,
core:clustered,server,100M,core256/predict,core,ok,5,0.07073144540000001,28339242.8981872,1.72e-05,2.6199999999999996e-05,3.04e-05,4365.38671875,123473944.8,61.7369724,,,,,,,,,,,
core:clustered,server,100M,core256/probe,core,ok,5,0.0706192316,28386305.574318398,1.7e-05,2.56e-05,3.0199999999999995e-05,4365.38671875,123473944.8,61.7369724,,,,,,,254.60883429999998,,,,
core:clustered,server,10M,core256/insert,core,ok,5,0.5258377508,1521610.7107098,0.0006739999999999999,0.000738,0.0010352,4365.38671875,49388388.8,61.735486,,,,,,,,,,,
core:clustered,server,10M,core256/match_batch,core,ok,5,0.0060542222,137781777.54287,7.5676e-06,7.5676e-06,7.5676e-06,4365.38671875,49388388.8,61.735486,,,,,,,254.60967325000001,,,,
core:clustered,server,10M,core256/predict,core,ok,5,0.028445396,28195358.191578,1.7e-05,2.6e-05,3.12e-05,4365.38671875,49388388.8,61.735486,,,,,,,,,,,
core:clustered,server,10M,core256/probe,core,ok,5,0.028491698,28158622.646843396,1.7e-05,2.5799999999999997e-05,3.1e-05,4365.38671875,49388388.8,61.735486,,,,,,,254.60967325000001,,,,
core:clustered,server,1M,core256/insert,core,ok,5,0.6529655604,1531565.4309358,0.0006762,0.0007076,0.0010686,43.83984375,61735617.2,61.7356172,,,,,,,,,,,
core:clustered,server,1M,core256/match_batch,core,ok,5,0.0075750956,137475622.231359,7.5749999999999995e-06,7.5749999999999995e-06,7.5749999999999995e-06,43.83984375,61735617.2,61.7356172,,,,,,,254.60868220000003,,,,
core:clustered,server,1M,core256/predict,core,ok,5,0.0355159414,28214528.577836595,1.7e-05,2.6199999999999996e-05,2.9999999999999997e-05,43.83984375,61735617.2,61.7356172,,,,,,,,,,,
core:clustered,server,1M,core256/probe,core,ok,5,0.035404671,28308597.4091398,1.7e-05,2.56e-05,2.9599999999999998e-05,43.83984375,61735617.2,61.7356172,,,,,,,254.60868220000003,,,,
core:legacy_compat,desktop,100M,compat/bench_tree,core,ok,1,,129000.0,,,,8427.0546875,,,,,,,,,,,,,
core:legacy_compat,desktop,100M,compat/bench_truth,core,ok,1,,,,,,8427.0546875,,,,,,,,,,,,,
core:legacy_compat,desktop,10M,compat/bench_tree,core,ok,1,,130000.0,,,,8427.0546875,,,,,,,,,,,,,
core:legacy_compat,desktop,10M,compat/bench_truth,core,ok,1,,,,,,8427.0546875,,,,,,,,,,,,,
core:legacy_compat,desktop,1M,compat/bench_tree,core,ok,1,,128000.0,,,,8427.0546875,,,,,,,,,,,,,
core:legacy_compat,desktop,1M,compat/bench_truth,core,ok,1,,,,,,8427.0546875,,,,,,,,,,,,,
core:legacy_compat,edge,100M,compat/bench_tree,core,ok,1,,129000.0,,,,8427.0546875,,,,,,,,,,,,,
core:legacy_compat,edge,100M,compat/bench_truth,core,ok,1,,,,,,8427.0546875,,,,,,,,,,,,,
core:legacy_compat,edge,10M,compat/bench_tree,core,ok,1,,132000.0,,,,8427.0546875,,,,,,,,,,,,,
core:legacy_compat,edge,10M,compat/bench_truth,core,ok,1,,,,,,8427.0546875,,,,,,,,,,,,,
core:legacy_compat,edge,1M,compat/bench_tree,core,ok,1,,131000.0,,,,8427.0546875,,,,,,,,,,,,,
core:legacy_compat,edge,1M,compat/bench_truth,core,ok,1,,,,,,8427.0546875,,,,,,,,,,,,,
core:legacy_compat,server,100M,compat/bench_tree,core,ok,1,,131000.0,,,,4365.38671875,,,,,,,,,,,,,
core:legacy_compat,server,100M,compat/bench_truth,core,ok,1,,,,,,4365.38671875,,,,,,,,,,,,,
core:legacy_compat,server,10M,compat/bench_tree,core,ok,1,,130000.0,,,,4365.38671875,,,,,,,,,,,,,
core:legacy_compat,server,10M,compat/bench_truth,core,ok,1,,,,,,4365.38671875,,,,,,,,,,,,,
core:legacy_compat,server,1M,compat/bench_tree,core,ok,1,,130000.0,,,,43.83984375,,,,,,,,,,,,,
core:legacy_compat,server,1M,compat/bench_truth,core,ok,1,,,,,,43.83984375,,,,,,,,,,,,,
core:random,desktop,100M,core256/insert,core,ok,5,1.3280744225999999,1506012.1746552,0.00068,0.0007064,0.0010766,8427.0546875,127000244.0,63.500122,,,,,,,,,,,
core:random,desktop,100M,core256/match_batch,core,ok,5,0.018878056,105947864.2639562,9.438999999999999e-06,9.438999999999999e-06,9.438999999999999e-06,8427.0546875,127000244.0,63.500122,,,,,,,254.99921890000002,,,,
core:random,desktop,100M,core256/predict,core,ok,5,0.0751390936,26619623.84267,2e-05,3.320000000000001e-05,4.52e-05,8427.0546875,127000244.0,63.500122,,,,,,,,,,,
core:random,desktop,100M,core256/probe,core,ok,5,0.0748607214,26717206.9241058,2e-05,3.320000000000001e-05,4.5e-05,8427.0546875,127000244.0,63.500122,,,,,,,254.99921890000002,,,,
core:random,desktop,10M,core256/insert,core,ok,5,0.5340390979999999,1498046.5605418,0.00068,0.0007,0.0009904,8427.0546875,50800142.8,63.500178500000004,,,,,,,,,,,
core:random,desktop,10M,core256/match_batch,core,ok,5,0.007611316,105124568.27541259,9.5142e-06,9.5142e-06,9.5142e-06,8427.0546875,50800142.8,63.500178500000004,,,,,,,254.99921425000002,,,,
core:random,desktop,10M,core256/predict,core,ok,5,0.029983364000000002,26681719.243743602,2e-05,3.3e-05,4.52e-05,8427.0546875,50800142.8,63.500178500000004,,,,,,,,,,,
core:random,desktop,10M,core256/probe,core,ok,5,0.0300120344,26656320.000053998,2e-05,3.3e-05,4.5e-05,8427.0546875,50800142.8,63.500178500000004,,,,,,,254.99921425000002,,,,
core:random,desktop,1M,core256/insert,core,ok,5,0.6627063324,1508977.1532926,0.0006790000000000001,0.0006994,0.0010593999999999998,8427.0546875,63500210.4,63.5002104,,,,,,,,,,,
core:random,desktop,1M,core256/match_batch,core,ok,5,0.0094343642,106008566.6433672,9.4344e-06,9.4344e-06,9.4344e-06,8427.0546875,63500210.4,63.5002104,,,,,,,254.99941439999998,,,,
core:random,desktop,1M,core256/predict,core,ok,5,0.0375217468,26652225.906993598,2e-05,3.3e-05,4.4999999999999996e-05,8427.0546875,63500210.4,63.5002104,,,,,,,,,,,
core:random,desktop,1M,core256/probe,core,ok,5,0.037462764999999995,26694746.519843,2e-05,3.320000000000001e-05,4.5400000000000006e-05,8427.0546875,63500210.4,63.5002104,,,,,,,254.99941439999998,,,,
core:random,edge,100M,core256/insert,core,ok,5,1.3249353158,1509635.0220138,0.0006758000000000001,0.0007054,0.001069,8427.0546875,127000244.0,63.500122,,,,,,,,,,,
core:random,edge,100M,core256/match_batch,core,ok,5,0.0194265298,103341249.2031542,9.713199999999999e-06,9.713199999999999e-06,9.713199999999999e-06,8427.0546875,127000244.0,63.500122,,,,,,,254.99921890000002,,,,
core:random,edge,100M,core256/predict,core,ok,5,0.0751200804,26628821.4813656,2e-05,3.3e-05,4.4999999999999996e-05,8427.0546875,127000244.0,63.500122,,,,,,,,,,,
core:random,edge,100M,core256/probe,core,ok,5,0.0744317518,26871432.676545,1.98e-05,3.28e-05,4.4800000000000005e-05,8427.0546875,127000244.0,63.500122,,,,,,,254.99921890000002,,,,
core:random,edge,10M,core256/insert,core,ok,5,0.531426969,1505409.0805608002,0.0006712,0.0006976,0.0010856,8427.0546875,50800142.8,63.500178500000004,,,,,,,,,,,
core:random,edge,10M,core256/match_batch,core,ok,5,0.0075329912,106215436.308875,9.4162e-06,9.4162e-06,9.4162e-06,8427.0546875,50800142.8,63.500178500000004,,,,,,,254.99921425000002,,,,
core:random,edge,10M,core256/predict,core,ok,5,0.0296969556,26941229.68879,1.98e-05,3.26e-05,4.4200000000000004e-05,8427.0546875,50800142.8,63.500178500000004,,,,,,,,,,,
core:random,edge,10M,core256/probe,core,ok,5,0.02977202,26872901.5123192,1.9600000000000002e-05,3.26e-05,4.46e-05,8427.0546875,50800142.8,63.500178500000004,,,,,,,254.99921425000002,,,,
core:random,edge,1M,core256/insert,core,ok,5,0.6589728616,1517560.3573918,0.0006744,0.0006972,0.0010328,8427.0546875,63500210.4,63.5002104,,,,,,,,,,,
core:random,edge,1M,core256/match_batch,core,ok,5,0.0093521646,106930694.3590556,9.3522e-06,9.3522e-06,9.3522e-06,8427.0546875,63500210.4,63.5002104,,,,,,,254.99941439999998,,,,
core:random,edge,1M,core256/predict,core,ok,5,0.03721762,26870455.9459864,2e-05,3.26e-05,4.46e-05,8427.0546875,63500210.4,63.5002104,,,,,,,,,,,
core:random,edge,1M,core256/probe,core,ok,5,0.0371488696,26920504.1650226,1.98e-05,3.28e-05,4.4800000000000005e-05,8427.0546875,63500210.4,63.5002104,,,,,,,254.99941439999998,,,,
core:random,server,100M,core256/insert,core,ok,5,1.32695485,1507234.1920414001,0.0006796,0.0007058,0.0010302,4365.38671875,127000244.0,63.500122,,,,,,,,,,,
core:random,server,100M,core256/match_batch,core,ok,5,0.018919263,105725307.5097048,9.459799999999999e-06,9.459799999999999e-06,9.459799999999999e-06,4365.38671875,127000244.0,63.500122,,,,,,,254.99921890000002,,,,
core:random,server,100M,core256/predict,core,ok,5,0.0750198646,26659691.0750722,2e-05,3.3e-05,4.4800000000000005e-05,4365.38671875,127000244.0,63.500122,,,,,,,,,,,
core:random,server,100M,core256/probe,core,ok,5,0.0751172952,26626887.0453344,2e-05,3.320000000000001e-05,4.5400000000000006e-05,4365.38671875,127000244.0,63.500122,,,,,,,254.99921890000002,,,,
core:random,server,10M,core256/insert,core,ok,5,0.532792433,1501545.8913086,0.000679,0.0006992,0.0009596,4365.38671875,50800142.8,63.500178500000004,,,,,,,,,,,
core:random,server,10M,core256/match_batch,core,ok,5,0.0078568176,102006901.0835716,9.821e-06,9.821e-06,9.821e-06,4365.38671875,50800142.8,63.500178500000004,,,,,,,254.99921425000002,,,,
core:random,server,10M,core256/predict,core,ok,5,0.0299081086,26748770.2792896,2e-05,3.3e-05,4.4800000000000005e-05,4365.38671875,50800142.8,63.500178500000004,,,,,,,,,,,
core:random,server,10M,core256/probe,core,ok,5,0.030487018999999997,26267163.0470088,2.02e-05,3.38e-05,4.64e-05,4365.38671875,50800142.8,63.500178500000004,,,,,,,254.99921425000002,,,,
core:random,server,1M,core256/insert,core,ok,5,0.664795002,1504375.3250682,0.0006774000000000001,0.0007342,0.0011214,43.83984375,63500210.4,63.5002104,,,,,,,,,,,
core:random,server,1M,core256/match_batch,core,ok,5,0.009542761399999999,104830210.8708138,9.5428e-06,9.5428e-06,9.5428e-06,43.83984375,63500210.4,63.5002104,,,,,,,254.99941439999998,,,,
core:random,server,1M,core256/predict,core,ok,5,0.038005442,26318019.9461878,2e-05,3.3600000000000004e-05,4.6e-05,43.83984375,63500210.4,63.5002104,,,,,,,,,,,
core:random,server,1M,core256/probe,core,ok,5,0.0376569712,26557690.1678176,2e-05,3.320000000000001e-05,4.5400000000000006e-05,43.83984375,63500210.4,63.5002104,,,,,,,254.99941439999998,,,,
core:replay,desktop,100M,core256/insert,core,ok,5,1.3252932718000001,1509125.8612787998,0.00068,0.0007002,0.001031,8427.0546875,126999946.0,63.499973,,,,,,,,,,,
core:replay,desktop,100M,core256/match_batch,core,ok,5,0.0187932084,106423118.459449,9.3968e-06,9.3968e-06,9.3968e-06,8427.0546875,126999946.0,63.499973,,,,,,,254.9996805,,,,
core:replay,desktop,100M,core256/predict,core,ok,5,0.074741281,26759097.6659416,2e-05,3.3e-05,4.4800000000000005e-05,8427.0546875,126999946.0,63.499973,,,,,,,,,,,
core:replay,desktop,100M,core256/probe,core,ok,5,0.07451435240000001,26840572.2154424,2e-05,3.3e-05,4.5e-05,8427.0546875,126999946.0,63.499973,,,,,,,254.9996805,,,,
core:replay,desktop,10M,core256/insert,core,ok,5,0.5344797734,1496812.4257556,0.00068,0.0007002,0.0010387999999999999,8427.0546875,50799706.0,63.4996325,,,,,,,,,,,
core:replay,desktop,10M,core256/match_batch,core,ok,5,0.0075679046,105715313.52106,9.4598e-06,9.4598e-06,9.4598e-06,8427.0546875,50799706.0,63.4996325,,,,,,,254.998005,,,,
core:replay,desktop,10M,core256/predict,core,ok,5,0.0299067454,26750074.9934452,2e-05,3.3e-05,4.5e-05,8427.0546875,50799706.0,63.4996325,,,,,,,,,,,
core:replay,desktop,10M,core256/probe,core,ok,5,0.0298818146,26772713.6231924,2e-05,3.3e-05,4.5e-05,8427.0546875,50799706.0,63.4996325,,,,,,,254.998005,,,,
core:replay,desktop,1M,core256/insert,core,ok,5,0.6594872168,1516341.7110842,0.00068,0.0006986,0.0008888,8427.0546875,63499816.0,63.499815999999996,,,,,,,,,,,
core:replay,desktop,1M,core256/match_batch,core,ok,5,0.0093573636,106868740.3856574,9.3574e-06,9.3574e-06,9.3574e-06,8427.0546875,63499816.0,63.499815999999996,,,,,,,254.998843,,,,
core:replay,desktop,1M,core256/predict,core,ok,5,0.0374469094,26704873.9135512,2e-05,3.3e-05,4.52e-05,8427.0546875,63499816.0,63.499815999999996,,,,,,,,,,,
core:replay,desktop,1M,core256/probe,core,ok,5,0.0373013514,26808689.1126844,2e-05,3.3e-05,4.5e-05,8427.0546875,63499816.0,63.499815999999996,,,,,,,254.998843,,,,
core:replay,edge,100M,core256/insert,core,ok,5,1.3190409643999998,1516273.658653,0.0006746,0.0006962,0.0009828,8427.0546875,126999946.0,63.499973,,,,,,,,,,,
core:replay,edge,100M,core256/match_batch,core,ok,5,0.0186738112,107115536.00384381,9.3368e-06,9.3368e-06,9.3368e-06,8427.0546875,126999946.0,63.499973,,,,,,,254.9996805,,,,
core:replay,edge,100M,core256/predict,core,ok,5,0.0744735298,26856186.5686648,2e-05,3.26e-05,4.46e-05,8427.0546875,126999946.0,63.499973,,,,,,,,,,,
core:replay,edge,100M,core256/probe,core,ok,5,0.074271213,26929062.269605,1.98e-05,3.26e-05,4.46e-05,8427.0546875,126999946.0,63.499973,,,,,,,254.9996805,,,,
core:replay,edge,10M,core256/insert,core,ok,5,0.5301301302,1509175.0579074002,0.0006676,0.0006986,0.0010654,8427.0546875,50799706.0,63.4996325,,,,,,,,,,,
core:replay,edge,10M,core256/match_batch,core,ok,5,0.0075678366,105728056.4059106,9.46e-06,9.46e-06,9.46e-06,8427.0546875,50799706.0,63.4996325,,,,,,,254.998005,,,,
core:replay,edge,10M,core256/predict,core,ok,5,0.0297807416,26866406.5894276,1.98e-05,3.26e-05,4.4200000000000004e-05,8427.0546875,50799706.0,63.4996325,,,,,,,,,,,
core:replay,edge,10M,core256/probe,core,ok,5,0.029770958400000002,26872699.5428632,1.98e-05,3.24e-05,4.46e-05,8427.0546875,50799706.0,63.4996325,,,,,,,254.998005,,,,
core:replay,edge,1M,core256/insert,core,ok,5,0.6584936031999999,1518627.8867796,0.000677,0.0006974,0.0008982,8427.0546875,63499816.0,63.499815999999996,,,,,,,,,,,
core:replay,edge,1M,core256/match_batch,core,ok,5,0.0093841804,106571595.1159292,9.3842e-06,9.3842e-06,9.3842e-06,8427.0546875,63499816.0,63.499815999999996,,,,,,,254.998843,,,,
core:replay,edge,1M,core256/predict,core,ok,5,0.0372903064,26817303.4193652,2e-05,3.28e-05,4.46e-05,8427.0546875,63499816.0,63.499815999999996,,,,,,,,,,,
core:replay,edge,1M,core256/probe,core,ok,5,0.037212707,26873768.2881988,1.98e-05,3.28e-05,4.4800000000000005e-05,8427.0546875,63499816.0,63.499815999999996,,,,,,,254.998843,,,,
core:replay,server,100M,core256/insert,core,ok,5,1.342506594,1490056.0525918,0.0006798,0.0007574,0.0011762,4365.38671875,126999946.0,63.499973,,,,,,,,,,,
core:replay,server,100M,core256/match_batch,core,ok,5,0.018893448,105864994.9017268,9.4466e-06,9.4466e-06,9.4466e-06,4365.38671875,126999946.0,63.499973,,,,,,,254.9996805,,,,
core:replay,server,100M,core256/predict,core,ok,5,0.0756719504,26433889.9865894,2e-05,3.34e-05,4.5600000000000004e-05,4365.38671875,126999946.0,63.499973,,,,,,,,,,,
core:replay,server,100M,core256/probe,core,ok,5,0.0755075866,26495021.6655938,2e-05,3.34e-05,4.6e-05,4365.38671875,126999946.0,63.499973,,,,,,,254.9996805,,,,
core:replay,server,10M,core256/insert,core,ok,5,0.535550204,1493964.2582693999,0.000678,0.0007362,0.0010596,4365.38671875,50799706.0,63.4996325,,,,,,,,,,,
core:replay,server,10M,core256/match_batch,core,ok,5,0.0076527292,104565043.58099361,9.565799999999999e-06,9.565799999999999e-06,9.565799999999999e-06,4365.38671875,50799706.0,63.4996325,,,,,,,254.998005,,,,
core:replay,server,10M,core256/predict,core,ok,5,0.030375565799999997,26358963.1800138,2.02e-05,3.4e-05,4.6e-05,4365.38671875,50799706.0,63.4996325,,,,,,,,,,,
core:replay,server,10M,core256/probe,core,ok,5,0.029990113800000003,26677076.785921402,2e-05,3.320000000000001e-05,4.4999999999999996e-05,4365.38671875,50799706.0,63.4996325,,,,,,,254.998005,,,,
core:replay,server,1M,core256/insert,core,ok,5,0.666957759,1499357.7877087998,0.00068,0.000715,0.0011718,43.83984375,63499816.0,63.499815999999996,,,,,,,,,,,
core:replay,server,1M,core256/match_batch,core,ok,5,0.009564984799999999,104596350.6613082,9.564999999999999e-06,9.564999999999999e-06,9.564999999999999e-06,43.83984375,63499816.0,63.499815999999996,,,,,,,254.998843,,,,
core:replay,server,1M,core256/predict,core,ok,5,0.0376426972,26567475.050454598,2e-05,3.320000000000001e-05,4.52e-05,43.83984375,63499816.0,63.499815999999996,,,,,,,,,,,
core:replay,server,1M,core256/probe,core,ok,5,0.0385255464,26008051.158496402,2.04e-05,3.4200000000000005e-05,4.78e-05,43.83984375,63499816.0,63.499815999999996,,,,,,,254.998843,,,,
online:synthetic_drift,desktop,100M,core256/online_delayed,online,ok,1,14.782197393,16912.235262,0.000673,0.000738,0.001247,8427.0546875,15874802.0,63.499208,,,,0.000666707,,94.361261153,254.49654,160.119113352,0.500024,0.560718629,-1.0
online:synthetic_drift,desktop,10M,core256/online_delayed,online,ok,1,5.951144144,20164.189792,0.000682,0.000753,0.001323,8427.0546875,7619970.0,63.49975,,,,0.000671478,,94.893354457,254.501158333,159.595430668,0.500916667,0.599456936,-1.0
online:synthetic_drift,desktop,1M,core256/online_delayed,online,ok,1,24.934478015,16042.044263,0.000682,0.000762,0.001227,8427.0546875,25399836.0,63.49959,,,,0.000673053,,94.181356737,254.498225,160.302978021,0.5001475,0.576606986,-1.0
online:synthetic_drift,edge,100M,core256/online_delayed,online,ok,1,14.748282559,16951.126275,0.000682,0.000744,0.001284,8427.24609375,15874802.0,63.499208,,,,0.000665598,,94.361261153,254.49654,160.119113352,0.500024,0.560718629,-1.0
online:synthetic_drift,edge,10M,core256/online_delayed,online,ok,1,5.930129189,20235.646843,0.000682,0.000738,0.001,8427.0546875,7619970.0,63.49975,,,,0.000661871,,94.893354457,254.501158333,159.595430668,0.500916667,0.599456936,-1.0
online:synthetic_drift,edge,1M,core256/online_delayed,online,ok,1,24.892238147,16069.266156,0.000682,0.000745,0.001135,8427.0546875,25399836.0,63.49959,,,,0.000670495,,94.181356737,254.498225,160.302978021,0.5001475,0.576606986,-1.0
online:synthetic_drift,server,100M,core256/online_delayed,online,ok,1,14.93305455,16741.383966,0.000682,0.000783,0.001312,8427.0546875,15874802.0,63.499208,,,,0.000676532,,94.361261153,254.49654,160.119113352,0.500024,0.560718629,-1.0
online:synthetic_drift,server,10M,core256/online_delayed,online,ok,1,5.942855449,20192.313448,0.000681,0.000748,0.001136,4365.38671875,7619970.0,63.49975,,,,0.000666665,,94.893354457,254.501158333,159.595430668,0.500916667,0.599456936,-1.0
online:synthetic_drift,server,1M,core256/online_delayed,online,ok,1,24.943034625,16036.541103,0.000682,0.000753,0.001256,4365.38671875,25399836.0,63.49959,,,,0.000671546,,94.181356737,254.498225,160.302978021,0.5001475,0.576606986,-1.0
openml:adult,desktop,100M,faiss-binary-flat,ann,ok,1,0.0027840137481689453,191.175587948581,3.8039684295654297,8.633136749267578,14.881134033203125,8427.0546875,64000000.0,32.0,1.0,0.0,1.0,,,0.0,,0.0,,,
openml:adult,desktop,100M,hnswlib-l2-bits,ann,ok,1,52.34637379646301,91465.25706111199,0.009059906005859375,0.010013580322265625,0.013113021850585938,8427.0546875,64000000.0,32.0,1.0,0.0,1.0,,,0.0391,,0.0,,,
openml:adult,desktop,100M,nmslib-hnsw-l2-bits,ann,ok,1,229.0505051612854,31580.094989413832,0.027894973754882812,0.030994415283203125,0.03600120544433594,8427.0546875,64000000.0,32.0,1.0,0.0,1.0,,,0.0439,,0.0,,,
openml:adult,desktop,100M,reference-exact-hamming,ann,ok,1,0.0,5.319694993045625,204.58602905273438,207.30900764465332,210.3748321533203,8427.0546875,64000000.0,32.0,1.0,1.0,1.0,,,0.0,,0.0,,,
openml:adult,desktop,10M,faiss-binary-flat,ann,ok,1,0.0011510848999023438,374.1557707569413,1.6491413116455078,6.036043167114258,12.089014053344727,8427.0546875,25600000.0,32.0,1.0,0.00625,1.0,,,0.0,,0.0,,,
openml:adult,desktop,10M,hnswlib-l2-bits,ann,ok,1,19.292370796203613,93546.85032696648,0.008821487426757812,0.011920928955078125,0.014066696166992188,8427.0546875,25600000.0,32.0,0.9921875,0.0,0.9921875,,,0.0364,,0.0,,,
openml:adult,desktop,10M,nmslib-hnsw-l2-bits,ann,ok,1,87.47694706916809,34436.954726158205,0.028848648071289062,0.030040740966796875,0.032901763916015625,8427.0546875,25600000.0,32.0,0.9765625,0.0,0.9765625,,,0.0452,,0.0,,,
openml:adult,desktop,10M,reference-exact-hamming,ann,ok,1,0.0,15.316180203011292,65.97781181335449,66.54095649719238,66.8020248413086,8427.0546875,25600000.0,32.0,1.0,1.0,1.0,,,0.0,,0.0,,,
openml:adult,desktop,1M,faiss-binary-flat,ann,ok,1,0.0015799999237060547,310.40344731550726,2.1178722381591797,6.430864334106445,12.073040008544922,8427.0546875,32000000.0,32.0,1.0,0.0,1.0,,,0.0,,0.0,,,
openml:adult,desktop,1M,hnswlib-l2-bits,ann,ok,1,26.746422052383423,95066.46690707326,0.008106231689453125,0.010013580322265625,0.016927719116210938,8427.0546875,32000000.0,32.0,1.0,0.0,1.0,,,0.038,,0.0,,,
openml:adult,desktop,1M,nmslib-hnsw-l2-bits,ann,ok,1,114.8821029663086,36240.740660736425,0.025033950805664062,0.027179718017578125,0.03409385681152344,8427.0546875,32000000.0,32.0,1.0,0.0,1.0,,,0.038,,0.0,,,
openml:adult,desktop,1M,reference-exact-hamming,ann,ok,1,0.0,11.028151863639877,96.47297859191895,99.43103790283203,101.80211067199707,8427.0546875,32000000.0,32.0,1.0,1.0,1.0,,,0.0,,0.0,,,
openml:adult,edge,100M,faiss-binary-flat,ann,ok,1,0.0030841827392578125,193.16853760369736,3.8111209869384766,8.700132369995117,14.645099639892578,8427.24609375,64000000.0,32.0,1.0,0.0,1.0,,,0.0,,0.0,,,
openml:adult,edge,100M,hnswlib-l2-bits,ann,ok,1,30.09632897377014,91110.40633946919,0.009059906005859375,0.010013580322265625,0.014066696166992188,8427.24609375,64000000.0,32.0,1.0,0.0,1.0,,,0.0439,,0.0,,,
openml:adult,edge,100M,nmslib-hnsw-l2-bits,ann,ok,1,232.00900101661682,29603.125253644543,0.029802322387695312,0.03910064697265625,0.04792213439941406,8427.24609375,64000000.0,32.0,1.0,0.0,1.0,,,0.0386,,0.0,,,
openml:adult,edge,100M,reference-exact-hamming,ann,ok,1,0.0,5.347844930829961,202.6979923248291,206.09402656555176,210.60490608215332,8427.24609375,64000000.0,32.0,1.0,1.0,1.0,,,0.0,,0.0,,,
openml:adult,edge,10M,faiss-binary-flat,ann,ok,1,0.0011279582977294922,454.1672553593266,1.466989517211914,5.06591796875,8.978843688964844,8427.0546875,25600000.0,32.0,1.0,0.00625,1.0,,,0.0,,0.0,,,
openml:adult,edge,10M,hnswlib-l2-bits,ann,ok,1,16.81860613822937,93092.56201281984,0.009059906005859375,0.010013580322265625,0.011920928955078125,8427.0546875,25600000.0,32.0,0.9765625,0.0,0.9765625,,,0.0452,,0.0,,,
openml:adult,edge,10M,nmslib-hnsw-l2-bits,ann,ok,1,83.16073894500732,33438.12084046852,0.028848648071289062,0.030040740966796875,0.032901763916015625,8427.0546875,25600000.0,32.0,0.9765625,0.0,0.9765625,,,0.0452,,0.0,,,
openml:adult,edge,10M,reference-exact-hamming,ann,ok,1,0.0,15.274244211838871,66.15304946899414,66.7259693145752,67.83699989318848,8427.0546875,25600000.0,32.0,1.0,1.0,1.0,,,0.0,,0.0,,,
openml:adult,edge,1M,faiss-binary-flat,ann,ok,1,0.0015819072723388672,374.66995211307557,1.847982406616211,5.269050598144531,9.306192398071289,8427.0546875,32000000.0,32.0,1.0,0.0,1.0,,,0.0,,0.0,,,
openml:adult,edge,1M,hnswlib-l2-bits,ann,ok,1,21.69287610054016,95264.35987966762,0.009059906005859375,0.010013580322265625,0.011920928955078125,8427.0546875,32000000.0,32.0,1.0,0.0,1.0,,,0.02125,,0.0,,,
openml:adult,edge,1M,nmslib-hnsw-l2-bits,ann,ok,1,108.14911198616028,33774.42509530075,0.026941299438476562,0.028133392333984375,0.030040740966796875,8427.0546875,32000000.0,32.0,1.0,0.0,1.0,,,0.038,,0.0,,,
openml:adult,edge,1M,reference-exact-hamming,ann,ok,1,0.0,11.190405636351391,95.35813331604004,96.8630313873291,97.58901596069336,8427.0546875,32000000.0,32.0,1.0,1.0,1.0,,,0.0,,0.0,,,
openml:adult,server,100M,faiss-binary-flat,ann,ok,1,0.0027670860290527344,131.12284165257415,5.493879318237305,13.550996780395508,38.10000419616699,8418.59375,64000000.0,32.0,1.0,0.0,1.0,,,0.0,,0.0,,,
openml:adult,server,100M,hnswlib-l2-bits,ann,ok,1,46.16572284698486,86913.44926479121,0.009059906005859375,0.011920928955078125,0.015020370483398438,8418.59375,64000000.0,32.0,1.0,0.0,1.0,,,0.0439,,0.0,,,
openml:adult,server,100M,nmslib-hnsw-l2-bits,ann,ok,1,256.34781980514526,31359.16501246724,0.029087066650390625,0.03409385681152344,0.04291534423828125,8418.59375,64000000.0,32.0,1.0,0.0,1.0,,,0.0381,,0.0,,,
openml:adult,server,100M,reference-exact-hamming,ann,ok,1,0.0,5.150733824579488,211.01999282836914,213.93108367919922,214.86210823059082,8418.59375,64000000.0,32.0,1.0,1.0,1.0,,,0.0,,0.0,,,
openml:adult,server,10M,faiss-binary-flat,ann,ok,1,0.0011529922485351562,330.2449038062541,1.7549991607666016,7.706165313720703,13.857126235961914,4365.38671875,25600000.0,32.0,1.0,0.00625,1.0,,,0.0,,0.0,,,
openml:adult,server,10M,hnswlib-l2-bits,ann,ok,1,20.766780138015747,93381.06688039897,0.009059906005859375,0.010967254638671875,0.014066696166992188,4365.38671875,25600000.0,32.0,0.9765625,0.0,0.9765625,,,0.0452,,0.0,,,
openml:adult,server,10M,nmslib-hnsw-l2-bits,ann,ok,1,93.14518594741821,32241.853257159724,0.029802322387695312,0.03504753112792969,0.04291534423828125,4365.38671875,25600000.0,32.0,0.9765625,0.0,0.9765625,,,0.0452,,0.0,,,
openml:adult,server,10M,reference-exact-hamming,ann,ok,1,0.0,14.988781731021412,67.19303131103516,69.04888153076172,70.76215744018555,4365.38671875,25600000.0,32.0,1.0,1.0,1.0,,,0.0,,0.0,,,
openml:adult,server,1M,faiss-binary-flat,ann,ok,1,0.0014641284942626953,265.03023977113105,2.3119449615478516,8.873939514160156,17.495155334472656,4147.96484375,32000000.0,32.0,1.0,0.0,1.0,,,0.0,,0.0,,,
openml:adult,server,1M,hnswlib-l2-bits,ann,ok,1,22.07984685897827,95919.02587727873,0.008821487426757812,0.009059906005859375,0.010967254638671875,4147.96484375,32000000.0,32.0,1.0,0.0,1.0,,,0.038,,0.0,,,
openml:adult,server,1M,nmslib-hnsw-l2-bits,ann,ok,1,116.55435705184937,32845.52056063569,0.026941299438476562,0.030994415283203125,0.03695487976074219,4247.9140625,32000000.0,32.0,1.0,0.0,1.0,,,0.038,,0.0,,,
openml:adult,server,1M,reference-exact-hamming,ann,ok,1,0.0,10.615464807956055,100.7089614868164,102.70500183105469,104.01082038879395,4147.96484375,32000000.0,32.0,1.0,1.0,1.0,,,0.0,,0.0,,,
synthetic_binary256,desktop,100M,faiss-binary-flat,ann,ok,1,0.002846956253051758,142.00735443208785,4.9591064453125,12.004852294921875,40.52996635437012,8427.0546875,64000000.0,32.0,1.0,0.32578125,1.0,,,0.0,,0.0,,,
synthetic_binary256,desktop,100M,hnswlib-l2-bits,ann,ok,1,108.0285050868988,36074.75895998005,0.024080276489257812,0.04315376281738281,0.05602836608886719,8427.0546875,64000000.0,32.0,0.5734375,0.051562500000000004,0.5734375,,,1.6574,,1.8461538461538463,,,
synthetic_binary256,desktop,100M,nmslib-hnsw-l2-bits,ann,ok,1,240.7923548221588,39063.58502093671,0.02002716064453125,0.03409385681152344,0.050067901611328125,8427.0546875,64000000.0,32.0,0.2890625,0.0125,0.2890625,,,2.4833,,2.230769230769231,,,
synthetic_binary256,desktop,100M,reference-exact-hamming,ann,ok,1,0.0,6.973614719449749,143.06902885437012,145.50399780273438,145.7979679107666,8427.0546875,64000000.0,32.0,1.0,1.0,1.0,,,0.0,,0.0,,,
synthetic_binary256,desktop,10M,faiss-binary-flat,ann,ok,1,0.0012547969818115234,349.3675531235502,1.6591548919677734,5.944013595581055,13.410091400146484,8427.0546875,25600000.0,32.0,1.0,0.25234375,1.0,,,0.0,,0.0,,,
synthetic_binary256,desktop,10M,hnswlib-l2-bits,ann,ok,1,57.207194089889526,24187.293191718556,0.03695487976074219,0.06198883056640625,0.08416175842285156,8427.0546875,25600000.0,32.0,0.84375,0.14765625000000002,0.84375,,,1.1088,,1.0,,,
synthetic_binary256,desktop,10M,nmslib-hnsw-l2-bits,ann,ok,1,121.72812294960022,61315.75177253125,0.011920928955078125,0.0209808349609375,0.033855438232421875,8427.0546875,25600000.0,32.0,0.28125,0.0171875,0.28125,,,2.4872,,2.8461538461538463,,,
synthetic_binary256,desktop,10M,reference-exact-hamming,ann,ok,1,0.0,17.406359621386464,57.457923889160156,58.01105499267578,58.68697166442871,8427.0546875,25600000.0,32.0,1.0,1.0,1.0,,,0.0,,0.0,,,
synthetic_binary256,desktop,1M,faiss-binary-flat,ann,ok,1,0.0014450550079345703,299.6229457095034,2.1698474884033203,6.686925888061523,13.422012329101562,8427.0546875,32000000.0,32.0,1.0,0.27265625,1.0,,,0.0,,0.0,,,
synthetic_binary256,desktop,1M,hnswlib-l2-bits,ann,ok,1,69.9930579662323,30898.052289358366,0.029087066650390625,0.048160552978515625,0.05888938903808594,8427.0546875,32000000.0,32.0,0.76796875,0.0984375,0.76796875,,,1.29205,,0.9230769230769231,,,
synthetic_binary256,desktop,1M,nmslib-hnsw-l2-bits,ann,ok,1,146.9542829990387,54464.1596876264,0.013828277587890625,0.024080276489257812,0.03910064697265625,8427.0546875,32000000.0,32.0,0.3046875,0.028125,0.3046875,,,2.30755,,1.7692307692307692,,,
synthetic_binary256,desktop,1M,reference-exact-hamming,ann,ok,1,0.0,13.972670484664782,71.35701179504395,73.51517677307129,73.96697998046875,8427.0546875,32000000.0,32.0,1.0,1.0,1.0,,,0.0,,0.0,,,
synthetic_binary256,edge,100M,faiss-binary-flat,ann,ok,1,0.0028121471405029297,188.13791213945902,3.8018226623535156,9.021997451782227,16.988039016723633,8427.0546875,64000000.0,32.0,1.0,0.32578125,1.0,,,0.0,,0.0,,,
synthetic_binary256,edge,100M,hnswlib-l2-bits,ann,ok,1,105.89989495277405,35861.318923725405,0.024080276489257812,0.04410743713378906,0.05602836608886719,8427.0546875,64000000.0,32.0,0.62421875,0.05234375,0.62421875,,,1.6964,,1.6153846153846154,,,
synthetic_binary256,edge,100M,nmslib-hnsw-l2-bits,ann,ok,1,240.1161379814148,42106.15926097702,0.0171661376953125,0.032901763916015625,0.048160552978515625,8427.0546875,64000000.0,32.0,0.3484375,0.01953125,0.3484375,,,2.9472,,2.3076923076923075,,,
synthetic_binary256,edge,100M,reference-exact-hamming,ann,ok,1,0.0,6.6997617805514835,149.00517463684082,150.63905715942383,151.8111228942871,8427.0546875,64000000.0,32.0,1.0,1.0,1.0,,,0.0,,0.0,,,
synthetic_binary256,edge,10M,faiss-binary-flat,ann,ok,1,0.0016651153564453125,461.43148069736804,1.4679431915283203,5.048036575317383,8.130073547363281,8427.0546875,25600000.0,32.0,1.0,0.25234375,1.0,,,0.0,,0.0,,,
synthetic_binary256,edge,10M,hnswlib-l2-bits,ann,ok,1,55.9428551197052,25567.198333193133,0.03504753112792969,0.05888938903808594,0.08511543273925781,8427.0546875,25600000.0,32.0,0.828125,0.1578125,0.828125,,,0.9656,,1.1538461538461537,,,
synthetic_binary256,edge,10M,nmslib-hnsw-l2-bits,ann,ok,1,117.344890832901,62389.24257749747,0.011920928955078125,0.019073486328125,0.032901763916015625,8427.0546875,25600000.0,32.0,0.3671875,0.03515625,0.3671875,,,2.3122,,2.769230769230769,,,
synthetic_binary256,edge,10M,reference-exact-hamming,ann,ok,1,0.0,17.477380622111266,57.14106559753418,57.59787559509277,58.64286422729492,8427.0546875,25600000.0,32.0,1.0,1.0,1.0,,,0.0,,0.0,,,
synthetic_binary256,edge,1M,faiss-binary-flat,ann,ok,1,0.001402139663696289,370.54851446612315,1.8467903137207031,5.285978317260742,9.556055068969727,8427.0546875,32000000.0,32.0,1.0,0.27265625,1.0,,,0.0,,0.0,,,
synthetic_binary256,edge,1M,hnswlib-l2-bits,ann,ok,1,68.02696418762207,31099.465104243132,0.028133392333984375,0.049114227294921875,0.07510185241699219,8427.0546875,32000000.0,32.0,0.6359375,0.09453125,0.6359375,,,1.57415,,1.1538461538461537,,,
synthetic_binary256,edge,1M,nmslib-hnsw-l2-bits,ann,ok,1,138.6779589653015,58802.762155580494,0.012159347534179688,0.021219253540039062,0.03695487976074219,8427.0546875,32000000.0,32.0,0.25,0.0125,0.25,,,2.33115,,1.8461538461538463,,,
synthetic_binary256,edge,1M,reference-exact-hamming,ann,ok,1,0.0,14.069565861845993,70.83511352539062,72.31593132019043,72.91388511657715,8427.0546875,32000000.0,32.0,1.0,1.0,1.0,,,0.0,,0.0,,,
synthetic_binary256,server,100M,faiss-binary-flat,ann,ok,1,0.002933025360107422,140.95171347659544,4.98509407043457,12.179136276245117,38.57922554016113,4365.38671875,64000000.0,32.0,1.0,0.32578125,1.0,,,0.0,,0.0,,,
synthetic_binary256,server,100M,hnswlib-l2-bits,ann,ok,1,108.72877216339111,36931.18301535254,0.024080276489257812,0.04291534423828125,0.05316734313964844,4365.38671875,64000000.0,32.0,0.53515625,0.05625,0.53515625,,,1.7199,,1.6153846153846154,,,
synthetic_binary256,server,100M,nmslib-hnsw-l2-bits,ann,ok,1,254.1493740081787,39025.16726850142,0.02002716064453125,0.033855438232421875,0.05221366882324219,6997.77734375,64000000.0,32.0,0.2734375,0.01875,0.2734375,,,2.3907,,2.3076923076923075,,,
synthetic_binary256,server,100M,reference-exact-hamming,ann,ok,1,0.0,6.874628448712833,145.1549530029297,147.73893356323242,148.8971710205078,4365.38671875,64000000.0,32.0,1.0,1.0,1.0,,,0.0,,0.0,,,
synthetic_binary256,server,10M,faiss-binary-flat,ann,ok,1,0.0012371540069580078,322.9226281570001,1.7359256744384766,7.812023162841797,16.520977020263672,4365.38671875,25600000.0,32.0,1.0,0.25234375,1.0,,,0.0,,0.0,,,
synthetic_binary256,server,10M,hnswlib-l2-bits,ann,ok,1,56.7439661026001,24559.403215795577,0.03695487976074219,0.05984306335449219,0.07700920104980469,4365.38671875,25600000.0,32.0,0.828125,0.146875,0.828125,,,0.916,,1.3846153846153846,,,
synthetic_binary256,server,10M,nmslib-hnsw-l2-bits,ann,ok,1,123.06183099746704,60006.752774073924,0.012159347534179688,0.022172927856445312,0.034809112548828125,4365.38671875,25600000.0,32.0,0.2421875,0.02421875,0.2421875,,,2.364,,2.6923076923076925,,,
synthetic_binary256,server,10M,reference-exact-hamming,ann,ok,1,0.0,17.171080338239676,58.17604064941406,58.712005615234375,59.121131896972656,4365.38671875,25600000.0,32.0,1.0,1.0,1.0,,,0.0,,0.0,,,
synthetic_binary256,server,1M,faiss-binary-flat,ann,ok,1,0.008826017379760742,252.57548403510447,2.357006072998047,8.935213088989258,20.518064498901367,173.44921875,32000000.0,32.0,1.0,0.27265625,1.0,,,0.0,,0.0,,,
synthetic_binary256,server,1M,hnswlib-l2-bits,ann,ok,1,70.35906195640564,31167.697030923562,0.029087066650390625,0.04601478576660156,0.05412101745605469,173.44921875,32000000.0,32.0,0.7109375,0.11640625,0.7109375,,,1.3332,,1.0769230769230769,,,
synthetic_binary256,server,1M,nmslib-hnsw-l2-bits,ann,ok,1,151.10311889648438,54157.542608528354,0.014066696166992188,0.023126602172851562,0.03790855407714844,2358.00390625,32000000.0,32.0,0.3046875,0.017968750000000002,0.3046875,,,2.24785,,1.8461538461538463,,,
synthetic_binary256,server,1M,reference-exact-hamming,ann,ok,1,0.0,13.534589695678847,73.52805137634277,75.6080150604248,76.80511474609375,173.44921875,32000000.0,32.0,1.0,1.0,1.0,,,0.0,,0.0,,,
